Workbook

Sheet Totales
A1: Fecha | B1: DEMANDA REAL 2040
A2: 45658 | B2: ='2025-01-01'!I5 -> 35845.955
A3: 45658.042 | B3: ='2025-01-01'!I6 -> 34636.422
A4: 45658.083 | B4: ='2025-01-01'!I7 -> 32735.361
A5: 45658.125 | B5: ='2025-01-01'!I8 -> 30881.525
A6: 45658.167 | B6: ='2025-01-01'!I9 -> 29612.687
A7: 45658.208 | B7: ='2025-01-01'!I10 -> 29172.78
A8: 45658.25 | B8: ='2025-01-01'!I11 -> 29438.921
A9: 45658.292 | B9: ='2025-01-01'!I12 -> 30112.266
A10: 45658.333 | B10: ='2025-01-01'!I13 -> 30423.069
A11: 45658.375 | B11: ='2025-01-01'!I14 -> 31133.755
A12: 45658.417 | B12: ='2025-01-01'!I15 -> 32861.781
A13: 45658.458 | B13: ='2025-01-01'!I16 -> 34365.766
... A25: 45658.958 | B25: ='2025-01-01'!I28 -> 38577.532
A26: 45659 | B26: ='2025-01-02'!I5 -> 34850.457
A27: 45659.042 | B27: ='2025-01-02'!I6 -> 32122.175
A28: 45659.083 | B28: ='2025-01-02'!I7 -> 30394.027
A29: 45659.125 | B29: ='2025-01-02'!I8 -> 29481.142
A30: 45659.167 | B30: ='2025-01-02'!I9 -> 29355.454
A31: 45659.208 | B31: ='2025-01-02'!I10 -> 30433.93
A32: 45659.25 | B32: ='2025-01-02'!I11 -> 34674.86
A33: 45659.292 | B33: ='2025-01-02'!I12 -> 40256.259
A34: 45659.333 | B34: ='2025-01-02'!I13 -> 45075.232
A35: 45659.375 | B35: ='2025-01-02'!I14 -> 47918.83
A36: 45659.417 | B36: ='2025-01-02'!I15 -> 48266.973
A37: 45659.458 | B37: ='2025-01-02'!I16 -> 47331.147
... A49: 45659.958 | B49: ='2025-01-02'!I28 -> 43928.909
A50: 45660 | B50: ='2025-01-03'!I5 -> 39786.088
A51: 45660.042 | B51: ='2025-01-03'!I6 -> 36372.624
A52: 45660.083 | B52: ='2025-01-03'!I7 -> 33980.038
A53: 45660.125 | B53: ='2025-01-03'!I8 -> 32778.315
A54: 45660.167 | B54: ='2025-01-03'!I9 -> 32358.786
A55: 45660.208 | B55: ='2025-01-03'!I10 -> 33021.027
A56: 45660.25 | B56: ='2025-01-03'!I11 -> 36760.792
A57: 45660.292 | B57: ='2025-01-03'!I12 -> 41812.227
A58: 45660.333 | B58: ='2025-01-03'!I13 -> 46297.334
A59: 45660.375 | B59: ='2025-01-03'!I14 -> 48833.911
A60: 45660.417 | B60: ='2025-01-03'!I15 -> 49321.41
A61: 45660.458 | B61: ='2025-01-03'!I16 -> 48719.328
... A73: 45660.958 | B73: ='2025-01-03'!I28 -> 43665.819
A74: 45661 | B74: ='2025-01-04'!I5 -> 40132.523
A75: 45661.042 | B75: ='2025-01-04'!I6 -> 36619.973
A76: 45661.083 | B76: ='2025-01-04'!I7 -> 33882.66
A77: 45661.125 | B77: ='2025-01-04'!I8 -> 32444.815
A78: 45661.167 | B78: ='2025-01-04'!I9 -> 31786.478
A79: 45661.208 | B79: ='2025-01-04'!I10 -> 31884.466
A80: 45661.25 | B80: ='2025-01-04'!I11 -> 33053.12
A81: 45661.292 | B81: ='2025-01-04'!I12 -> 35477.921
A82: 45661.333 | B82: ='2025-01-04'!I13 -> 38046.348
A83: 45661.375 | B83: ='2025-01-04'!I14 -> 41192.573
A84: 45661.417 | B84: ='2025-01-04'!I15 -> 43375.638
A85: 45661.458 | B85: ='2025-01-04'!I16 -> 43115.964
... A97: 45661.958 | B97: ='2025-01-04'!I28 -> 41235.893
A98: 45662 | B98: ='2025-01-05'!I5 -> 37817.303
A99: 45662.042 | B99: ='2025-01-05'!I6 -> 34690.724
A100: 45662.083 | B100: ='2025-01-05'!I7 -> 32328.645
A101: 45662.125 | B101: ='2025-01-05'!I8 -> 30755.959
A102: 45662.167 | B102: ='2025-01-05'!I9 -> 30186.703
A103: 45662.208 | B103: ='2025-01-05'!I10 -> 30030.508
A104: 45662.25 | B104: ='2025-01-05'!I11 -> 30869.079
A105: 45662.292 | B105: ='2025-01-05'!I12 -> 32280.322
A106: 45662.333 | B106: ='2025-01-05'!I13 -> 34008.348
A107: 45662.375 | B107: ='2025-01-05'!I14 -> 36799.231
A108: 45662.417 | B108: ='2025-01-05'!I15 -> 39399.506
A109: 45662.458 | B109: ='2025-01-05'!I16 -> 40318.249
... A121: 45662.958 | B121: ='2025-01-05'!I28 -> 39551.796
A122: 45663 | B122: ='2025-01-06'!I5 -> 36219.602
A123: 45663.042 | B123: ='2025-01-06'!I6 -> 33268.132
A124: 45663.083 | B124: ='2025-01-06'!I7 -> 30961.819
A125: 45663.125 | B125: ='2025-01-06'!I8 -> 29575.835
A126: 45663.167 | B126: ='2025-01-06'!I9 -> 28907.981
A127: 45663.208 | B127: ='2025-01-06'!I10 -> 29049.044
A128: 45663.25 | B128: ='2025-01-06'!I11 -> 29901.159
A129: 45663.292 | B129: ='2025-01-06'!I12 -> 31238.943
A130: 45663.333 | B130: ='2025-01-06'!I13 -> 32818.34
A131: 45663.375 | B131: ='2025-01-06'!I14 -> 35466.938
A132: 45663.417 | B132: ='2025-01-06'!I15 -> 37671.358
A133: 45663.458 | B133: ='2025-01-06'!I16 -> 38726.771
... A145: 45663.958 | B145: ='2025-01-06'!I28 -> 39461.862
A146: 45664 | B146: ='2025-01-07'!I5 -> 36097.331
A147: 45664.042 | B147: ='2025-01-07'!I6 -> 33390.769
A148: 45664.083 | B148: ='2025-01-07'!I7 -> 31733.275
A149: 45664.125 | B149: ='2025-01-07'!I8 -> 31123.627
A150: 45664.167 | B150: ='2025-01-07'!I9 -> 31285.923
A151: 45664.208 | B151: ='2025-01-07'!I10 -> 32448.598
A152: 45664.25 | B152: ='2025-01-07'!I11 -> 37355.308
A153: 45664.292 | B153: ='2025-01-07'!I12 -> 43789.92
A154: 45664.333 | B154: ='2025-01-07'!I13 -> 49300.665
A155: 45664.375 | B155: ='2025-01-07'!I14 -> 51292.88
A156: 45664.417 | B156: ='2025-01-07'!I15 -> 51119.845
A157: 45664.458 | B157: ='2025-01-07'!I16 -> 49963.76
... A169: 45664.958 | B169: ='2025-01-07'!I28 -> 44561.864

Sheet 2025-01-01
A1: Seguimiento de la demanda de energía eléctrica (MW)
A2: Demanda anual 2024 (MWh) | B2: 241811000
A3: Demanda anual 2040 (MWh) | B3: =354.09*10^6 -> 354090000
A4: Hora | B4: Real | C4: Prevista | D4: Programada | E4: Real 2040 MW | F4: Real 2040 cada h | H4: Fecha | I4: DEMANDA REAL 2040
A5: 45658 | B5: 24620 | C5: 25043 | D5: 24805 | E5: =(B5/$B$2)*$B$3 -> 36051.692 | F5: =SUM(E5:E16)/12 -> 35845.955 | H5: 45658 | I5: =F5 -> 35845.955
A6: 45658.003 | B6: 24701 | C6: 24941 | D6: 24805 | E6: =(B6/$B$2)*$B$3 -> 36170.303 | H6: 45658.042 | I6: =F17 -> 34636.422
A7: 45658.007 | B7: 24701 | C7: 24857 | D7: 24805 | E7: =(B7/$B$2)*$B$3 -> 36170.303 | H7: 45658.083 | I7: =F29 -> 32735.361
A8: 45658.01 | B8: 24683 | C8: 24792 | D8: 24515 | E8: =(B8/$B$2)*$B$3 -> 36143.945 | H8: 45658.125 | I8: =F41 -> 30881.525
A9: 45658.014 | B9: 24546 | C9: 24737 | D9: 24515 | E9: =(B9/$B$2)*$B$3 -> 35943.332 | H9: 45658.167 | I9: =F53 -> 29612.687
A10: 45658.017 | B10: 24454 | C10: 24682 | D10: 24515 | E10: =(B10/$B$2)*$B$3 -> 35808.614 | H10: 45658.208 | I10: =F65 -> 29172.78
A11: 45658.021 | B11: 24458 | C11: 24627 | D11: 24351 | E11: =(B11/$B$2)*$B$3 -> 35814.472 | H11: 45658.25 | I11: =F77 -> 29438.921
A12: 45658.024 | B12: 24433 | C12: 24569 | D12: 24351 | E12: =(B12/$B$2)*$B$3 -> 35777.864 | H12: 45658.292 | I12: =F89 -> 30112.266
A13: 45658.028 | B13: 24382 | C13: 24501 | D13: 24351 | E13: =(B13/$B$2)*$B$3 -> 35703.183 | H13: 45658.333 | I13: =F101 -> 30423.069
A14: 45658.031 | B14: 24314 | C14: 24425 | D14: 24290 | E14: =(B14/$B$2)*$B$3 -> 35603.609 | H14: 45658.375 | I14: =F113 -> 31133.755
A15: 45658.035 | B15: 24244 | C15: 24363 | D15: 24290 | E15: =(B15/$B$2)*$B$3 -> 35501.106 | H15: 45658.417 | I15: =F125 -> 32861.781
A16: 45658.038 | B16: 24218 | C16: 24337 | D16: 24290 | E16: =(B16/$B$2)*$B$3 -> 35463.034 | H16: 45658.458 | I16: =F137 -> 34365.766
A17: 45658.042 | B17: 24138 | C17: 24288 | D17: 24040 | E17: =(B17/$B$2)*$B$3 -> 35345.888 | F17: =SUM(E17:E28)/12 -> 34636.422 | H17: 45658.5 | I17: =F149 -> 35283.41
A18: 45658.045 | B18: 24057 | C18: 24288 | D18: 24040 | E18: =(B18/$B$2)*$B$3 -> 35227.277 | H18: 45658.542 | I18: =F161 -> 36173.842
A19: 45658.049 | B19: 23979 | C19: 24233 | D19: 24040 | E19: =(B19/$B$2)*$B$3 -> 35113.06 | H19: 45658.583 | I19: =F173 -> 36673.787
A20: 45658.052 | B20: 23924 | C20: 24123 | D20: 23762 | E20: =(B20/$B$2)*$B$3 -> 35032.522 | H20: 45658.625 | I20: =F185 -> 35404.339
A21: 45658.056 | B21: 23840 | C21: 23988 | D21: 23762 | E21: =(B21/$B$2)*$B$3 -> 34909.519 | H21: 45658.667 | I21: =F197 -> 35593.359
A22: 45658.059 | B22: 23727 | C22: 23859 | D22: 23762 | E22: =(B22/$B$2)*$B$3 -> 34744.05 | H22: 45658.708 | I22: =F209 -> 37184.592
A23: 45658.062 | B23: 23606 | C23: 23736 | D23: 23510 | E23: =(B23/$B$2)*$B$3 -> 34566.866 | H23: 45658.75 | I23: =F221 -> 40983.907
A24: 45658.066 | B24: 23566 | C24: 23623 | D24: 23510 | E24: =(B24/$B$2)*$B$3 -> 34508.293 | H24: 45658.792 | I24: =F233 -> 43088.02
A25: 45658.069 | B25: 23431 | C25: 23524 | D25: 23510 | E25: =(B25/$B$2)*$B$3 -> 34310.609 | H25: 45658.833 | I25: =F245 -> 44775.411
A26: 45658.073 | B26: 23292 | C26: 23441 | D26: 23161 | E26: =(B26/$B$2)*$B$3 -> 34107.068 | H26: 45658.875 | I26: =F257 -> 44993.962
A27: 45658.076 | B27: 23180 | C27: 23327 | D27: 23161 | E27: =(B27/$B$2)*$B$3 -> 33943.064 | H27: 45658.917 | I27: =F269 -> 42622.853
A28: 45658.08 | B28: 23102 | C28: 23139 | D28: 23161 | E28: =(B28/$B$2)*$B$3 -> 33828.846 | H28: 45658.958 | I28: =F281 -> 38577.532
A29: 45658.083 | B29: 22975 | C29: 22834 | D29: 22802 | E29: =(B29/$B$2)*$B$3 -> 33642.877 | F29: =SUM(E29:E40)/12 -> 32735.361
A30: 45658.087 | B30: 22864 | C30: 22571 | D30: 22802 | E30: =(B30/$B$2)*$B$3 -> 33480.337
A31: 45658.09 | B31: 22748 | C31: 22381 | D31: 22802 | E31: =(B31/$B$2)*$B$3 -> 33310.475
A32: 45658.094 | B32: 22670 | C32: 22265 | D32: 22397 | E32: =(B32/$B$2)*$B$3 -> 33196.258
A33: 45658.097 | B33: 22572 | C33: 22179 | D33: 22397 | E33: =(B33/$B$2)*$B$3 -> 33052.754
A34: 45658.101 | B34: 22396 | C34: 22080 | D34: 22397 | E34: =(B34/$B$2)*$B$3 -> 32795.033
A35: 45658.104 | B35: 22295 | C35: 21968 | D35: 22302 | E35: =(B35/$B$2)*$B$3 -> 32647.136
A36: 45658.108 | B36: 22151 | C36: 21854 | D36: 22302 | E36: =(B36/$B$2)*$B$3 -> 32436.273
A37: 45658.111 | B37: 22032 | C37: 21750 | D37: 22302 | E37: =(B37/$B$2)*$B$3 -> 32262.018
A38: 45658.115 | B38: 21965 | C38: 21656 | D38: 21802 | E38: =(B38/$B$2)*$B$3 -> 32163.908
A39: 45658.118 | B39: 21855 | C39: 21567 | D39: 21802 | E39: =(B39/$B$2)*$B$3 -> 32002.833
A40: 45658.122 | B40: 21740 | C40: 21480 | D40: 21802 | E40: =(B40/$B$2)*$B$3 -> 31834.435
A41: 45658.125 | B41: 21698 | C41: 21354 | D41: 21435 | E41: =(B41/$B$2)*$B$3 -> 31772.933 | F41: =SUM(E41:E52)/12 -> 30881.525
A42: 45658.128 | B42: 21512 | C42: 21267 | D42: 21435 | E42: =(B42/$B$2)*$B$3 -> 31500.569
A43: 45658.132 | B43: 21397 | C43: 21174 | D43: 21435 | E43: =(B43/$B$2)*$B$3 -> 31332.172
A44: 45658.135 | B44: 21331 | C44: 21075 | D44: 21057 | E44: =(B44/$B$2)*$B$3 -> 31235.526
A45: 45658.139 | B45: 21231 | C45: 20978 | D45: 21057 | E45: =(B45/$B$2)*$B$3 -> 31089.094
A46: 45658.142 | B46: 21109 | C46: 20889 | D46: 21057 | E46: =(B46/$B$2)*$B$3 -> 30910.446
A47: 45658.146 | B47: 21042 | C47: 20810 | D47: 20893 | E47: =(B47/$B$2)*$B$3 -> 30812.336
A48: 45658.149 | B48: 20920 | C48: 20738 | D48: 20893 | E48: =(B48/$B$2)*$B$3 -> 30633.688
A49: 45658.153 | B49: 20841 | C49: 20671 | D49: 20893 | E49: =(B49/$B$2)*$B$3 -> 30518.007
A50: 45658.156 | B50: 20727 | C50: 20609 | D50: 20674 | E50: =(B50/$B$2)*$B$3 -> 30351.073
A51: 45658.16 | B51: 20668 | C51: 20551 | D51: 20674 | E51: =(B51/$B$2)*$B$3 -> 30264.678
A52: 45658.163 | B52: 20595 | C52: 20498 | D52: 20674 | E52: =(B52/$B$2)*$B$3 -> 30157.783
A53: 45658.167 | B53: 20496 | C53: 20401 | D53: 20467 | E53: =(B53/$B$2)*$B$3 -> 30012.814 | F53: =SUM(E53:E64)/12 -> 29612.687
A54: 45658.17 | B54: 20520 | C54: 20354 | D54: 20467 | E54: =(B54/$B$2)*$B$3 -> 30047.958
A55: 45658.174 | B55: 20456 | C55: 20307 | D55: 20467 | E55: =(B55/$B$2)*$B$3 -> 29954.241
A56: 45658.177 | B56: 20377 | C56: 20260 | D56: 20259 | E56: =(B56/$B$2)*$B$3 -> 29838.56
A57: 45658.181 | B57: 20273 | C57: 20216 | D57: 20259 | E57: =(B57/$B$2)*$B$3 -> 29686.27
A58: 45658.184 | B58: 20239 | C58: 20177 | D58: 20259 | E58: =(B58/$B$2)*$B$3 -> 29636.483
A59: 45658.188 | B59: 20147 | C59: 20144 | D59: 20071 | E59: =(B59/$B$2)*$B$3 -> 29501.765
A60: 45658.191 | B60: 20128 | C60: 20116 | D60: 20071 | E60: =(B60/$B$2)*$B$3 -> 29473.943
A61: 45658.194 | B61: 20065 | C61: 20095 | D61: 20071 | E61: =(B61/$B$2)*$B$3 -> 29381.69
A62: 45658.198 | B62: 20033 | C62: 20079 | D62: 19951 | E62: =(B62/$B$2)*$B$3 -> 29334.832
A63: 45658.201 | B63: 19985 | C63: 20064 | D63: 19951 | E63: =(B63/$B$2)*$B$3 -> 29264.544
A64: 45658.205 | B64: 19954 | C64: 20046 | D64: 19951 | E64: =(B64/$B$2)*$B$3 -> 29219.15
A65: 45658.208 | B65: 19993 | C65: 19991 | D65: 19923 | E65: =(B65/$B$2)*$B$3 -> 29276.259 | F65: =SUM(E65:E76)/12 -> 29172.78
A66: 45658.212 | B66: 19995 | C66: 19971 | D66: 19923 | E66: =(B66/$B$2)*$B$3 -> 29279.187
A67: 45658.215 | B67: 19978 | C67: 19961 | D67: 19923 | E67: =(B67/$B$2)*$B$3 -> 29254.294
A68: 45658.219 | B68: 19973 | C68: 19961 | D68: 19925 | E68: =(B68/$B$2)*$B$3 -> 29246.972
A69: 45658.222 | B69: 19973 | C69: 19966 | D69: 19925 | E69: =(B69/$B$2)*$B$3 -> 29246.972
A70: 45658.226 | B70: 19862 | C70: 19973 | D70: 19925 | E70: =(B70/$B$2)*$B$3 -> 29084.432
A71: 45658.229 | B71: 19891 | C71: 19981 | D71: 19874 | E71: =(B71/$B$2)*$B$3 -> 29126.897
A72: 45658.233 | B72: 19889 | C72: 19990 | D72: 19874 | E72: =(B72/$B$2)*$B$3 -> 29123.969
A73: 45658.236 | B73: 19882 | C73: 19999 | D73: 19874 | E73: =(B73/$B$2)*$B$3 -> 29113.718
A74: 45658.24 | B74: 19873 | C74: 20007 | D74: 19841 | E74: =(B74/$B$2)*$B$3 -> 29100.54
A75: 45658.243 | B75: 19871 | C75: 20023 | D75: 19841 | E75: =(B75/$B$2)*$B$3 -> 29097.611
A76: 45658.247 | B76: 19888 | C76: 20052 | D76: 19841 | E76: =(B76/$B$2)*$B$3 -> 29122.504
A77: 45658.25 | B77: 19905 | C77: 20091 | D77: 20029 | E77: =(B77/$B$2)*$B$3 -> 29147.398 | F77: =SUM(E77:E88)/12 -> 29438.921
A78: 45658.253 | B78: 20042 | C78: 20137 | D78: 20029 | E78: =(B78/$B$2)*$B$3 -> 29348.011
A79: 45658.257 | B79: 20088 | C79: 20176 | D79: 20029 | E79: =(B79/$B$2)*$B$3 -> 29415.37
A80: 45658.26 | B80: 20111 | C80: 20208 | D80: 20129 | E80: =(B80/$B$2)*$B$3 -> 29449.049
A81: 45658.264 | B81: 20049 | C81: 20237 | D81: 20129 | E81: =(B81/$B$2)*$B$3 -> 29358.261
A82: 45658.267 | B82: 20079 | C82: 20268 | D82: 20129 | E82: =(B82/$B$2)*$B$3 -> 29402.191
A83: 45658.271 | B83: 20090 | C83: 20300 | D83: 20199 | E83: =(B83/$B$2)*$B$3 -> 29418.298
A84: 45658.274 | B84: 20136 | C84: 20329 | D84: 20199 | E84: =(B84/$B$2)*$B$3 -> 29485.657
A85: 45658.278 | B85: 20167 | C85: 20346 | D85: 20199 | E85: =(B85/$B$2)*$B$3 -> 29531.051
A86: 45658.281 | B86: 20155 | C86: 20354 | D86: 20269 | E86: =(B86/$B$2)*$B$3 -> 29513.479
A87: 45658.285 | B87: 20208 | C87: 20369 | D87: 20269 | E87: =(B87/$B$2)*$B$3 -> 29591.089
A88: 45658.288 | B88: 20219 | C88: 20409 | D88: 20269 | E88: =(B88/$B$2)*$B$3 -> 29607.196
A89: 45658.292 | B89: 20235 | C89: 20491 | D89: 20516 | E89: =(B89/$B$2)*$B$3 -> 29630.625 | F89: =SUM(E89:E100)/12 -> 30112.266
A90: 45658.295 | B90: 20405 | C90: 20554 | D90: 20516 | E90: =(B90/$B$2)*$B$3 -> 29879.561
A91: 45658.299 | B91: 20460 | C91: 20589 | D91: 20516 | E91: =(B91/$B$2)*$B$3 -> 29960.099
A92: 45658.302 | B92: 20493 | C92: 20596 | D92: 20576 | E92: =(B92/$B$2)*$B$3 -> 30008.421
A93: 45658.306 | B93: 20558 | C93: 20587 | D93: 20576 | E93: =(B93/$B$2)*$B$3 -> 30103.602
A94: 45658.309 | B94: 20555 | C94: 20575 | D94: 20576 | E94: =(B94/$B$2)*$B$3 -> 30099.21
A95: 45658.312 | B95: 20572 | C95: 20560 | D95: 20536 | E95: =(B95/$B$2)*$B$3 -> 30124.103
A96: 45658.316 | B96: 20601 | C96: 20550 | D96: 20536 | E96: =(B96/$B$2)*$B$3 -> 30166.568
A97: 45658.319 | B97: 20674 | C97: 20554 | D97: 20536 | E97: =(B97/$B$2)*$B$3 -> 30273.464
A98: 45658.323 | B98: 20694 | C98: 20570 | D98: 20476 | E98: =(B98/$B$2)*$B$3 -> 30302.751
A99: 45658.326 | B99: 20776 | C99: 20562 | D99: 20476 | E99: =(B99/$B$2)*$B$3 -> 30422.825
A100: 45658.33 | B100: 20744 | C100: 20493 | D100: 20476 | E100: =(B100/$B$2)*$B$3 -> 30375.967
...

Sheet 2025-01-02
A1: Seguimiento de la demanda de energía eléctrica (MW)
A2: Demanda anual 2024 (GWh) | B2: 241811000
A3: Demanda anual 2040 (GWh) | B3: =354.09*10^6 -> 354090000
A4: Hora | B4: Real | C4: Prevista | D4: Programada | E4: Real 2040 MW | F4: Real 2040 cada h | H4: Fecha | I4: DEMANDA REAL 2040
A5: 45659 | B5: 24874 | C5: 24993 | D5: 24578 | E5: =(B5/$B$2)*$B$3 -> 36423.631 | F5: =SUM(E5:E16)/12 -> 34850.457 | H5: 45658 | I5: =F5 -> 34850.457
A6: 45659.003 | B6: 24690 | C6: 24696 | D6: 24578 | E6: =(B6/$B$2)*$B$3 -> 36154.195 | H6: 45658.042 | I6: =F17 -> 32122.175
A7: 45659.007 | B7: 24536 | C7: 24440 | D7: 24578 | E7: =(B7/$B$2)*$B$3 -> 35928.689 | H7: 45658.083 | I7: =F29 -> 30394.027
A8: 45659.01 | B8: 24219 | C8: 24225 | D8: 23798 | E8: =(B8/$B$2)*$B$3 -> 35464.498 | H8: 45658.125 | I8: =F41 -> 29481.142
A9: 45659.014 | B9: 23985 | C9: 24033 | D9: 23798 | E9: =(B9/$B$2)*$B$3 -> 35121.846 | H9: 45658.167 | I9: =F53 -> 29355.454
A10: 45659.017 | B10: 23875 | C10: 23846 | D10: 23798 | E10: =(B10/$B$2)*$B$3 -> 34960.77 | H10: 45658.208 | I10: =F65 -> 30433.93
A11: 45659.021 | B11: 23580 | C11: 23665 | D11: 23272 | E11: =(B11/$B$2)*$B$3 -> 34528.794 | H11: 45658.25 | I11: =F77 -> 34674.86
A12: 45659.024 | B12: 23505 | C12: 23491 | D12: 23272 | E12: =(B12/$B$2)*$B$3 -> 34418.97 | H12: 45658.292 | I12: =F89 -> 40256.259
A13: 45659.028 | B13: 23327 | C13: 23328 | D13: 23272 | E13: =(B13/$B$2)*$B$3 -> 34158.32 | H13: 45658.333 | I13: =F101 -> 45075.232
A14: 45659.031 | B14: 23150 | C14: 23175 | D14: 22740 | E14: =(B14/$B$2)*$B$3 -> 33899.134 | H14: 45658.375 | I14: =F113 -> 47918.83
A15: 45659.035 | B15: 23031 | C15: 23030 | D15: 22740 | E15: =(B15/$B$2)*$B$3 -> 33724.879 | H15: 45658.417 | I15: =F125 -> 48266.973
A16: 45659.038 | B16: 22824 | C16: 22892 | D16: 22740 | E16: =(B16/$B$2)*$B$3 -> 33421.764 | H16: 45658.458 | I16: =F137 -> 47331.147
A17: 45659.042 | B17: 22604 | C17: 22646 | D17: 22211 | E17: =(B17/$B$2)*$B$3 -> 33099.612 | F17: =SUM(E17:E28)/12 -> 32122.175 | H17: 45658.5 | I17: =F149 -> 46475.127
A18: 45659.045 | B18: 22402 | C18: 22519 | D18: 22211 | E18: =(B18/$B$2)*$B$3 -> 32803.819 | H18: 45658.542 | I18: =F161 -> 46375.675
A19: 45659.049 | B19: 22495 | C19: 22394 | D19: 22211 | E19: =(B19/$B$2)*$B$3 -> 32940.001 | H19: 45658.583 | I19: =F173 -> 46973.12
A20: 45659.052 | B20: 22311 | C20: 22273 | D20: 21947 | E20: =(B20/$B$2)*$B$3 -> 32670.565 | H20: 45658.625 | I20: =F185 -> 46508.196
A21: 45659.056 | B21: 22152 | C21: 22154 | D21: 21947 | E21: =(B21/$B$2)*$B$3 -> 32437.737 | H21: 45658.667 | I21: =F197 -> 46688.552
A22: 45659.059 | B22: 22022 | C22: 22037 | D22: 21947 | E22: =(B22/$B$2)*$B$3 -> 32247.375 | H22: 45658.708 | I22: =F209 -> 47970.325
A23: 45659.062 | B23: 21850 | C23: 21921 | D23: 21544 | E23: =(B23/$B$2)*$B$3 -> 31995.511 | H23: 45658.75 | I23: =F221 -> 51115.33
A24: 45659.066 | B24: 21771 | C24: 21799 | D24: 21544 | E24: =(B24/$B$2)*$B$3 -> 31879.829 | H24: 45658.792 | I24: =F233 -> 52700.585
A25: 45659.069 | B25: 21685 | C25: 21666 | D25: 21544 | E25: =(B25/$B$2)*$B$3 -> 31753.897 | H25: 45658.833 | I25: =F245 -> 53702.427
A26: 45659.073 | B26: 21411 | C26: 21520 | D26: 21244 | E26: =(B26/$B$2)*$B$3 -> 31352.672 | H26: 45658.875 | I26: =F257 -> 53199.187
A27: 45659.076 | B27: 21302 | C27: 21394 | D27: 21244 | E27: =(B27/$B$2)*$B$3 -> 31193.061 | H27: 45658.917 | I27: =F269 -> 49159.602
A28: 45659.08 | B28: 21233 | C28: 21318 | D28: 21244 | E28: =(B28/$B$2)*$B$3 -> 31092.022 | H28: 45658.958 | I28: =F281 -> 43928.909
A29: 45659.083 | B29: 21157 | C29: 21225 | D29: 20935 | E29: =(B29/$B$2)*$B$3 -> 30980.733 | F29: =SUM(E29:E40)/12 -> 30394.027
A30: 45659.087 | B30: 21036 | C30: 21207 | D30: 20935 | E30: =(B30/$B$2)*$B$3 -> 30803.55
A31: 45659.09 | B31: 21064 | C31: 21150 | D31: 20935 | E31: =(B31/$B$2)*$B$3 -> 30844.551
A32: 45659.094 | B32: 21046 | C32: 21055 | D32: 20646 | E32: =(B32/$B$2)*$B$3 -> 30818.193
A33: 45659.097 | B33: 20899 | C33: 20942 | D33: 20646 | E33: =(B33/$B$2)*$B$3 -> 30602.937
A34: 45659.101 | B34: 20844 | C34: 20831 | D34: 20646 | E34: =(B34/$B$2)*$B$3 -> 30522.4
A35: 45659.104 | B35: 20789 | C35: 20723 | D35: 20462 | E35: =(B35/$B$2)*$B$3 -> 30441.862
A36: 45659.108 | B36: 20560 | C36: 20625 | D36: 20462 | E36: =(B36/$B$2)*$B$3 -> 30106.531
A37: 45659.111 | B37: 20419 | C37: 20546 | D37: 20462 | E37: =(B37/$B$2)*$B$3 -> 29900.061
A38: 45659.115 | B38: 20481 | C38: 20486 | D38: 20364 | E38: =(B38/$B$2)*$B$3 -> 29990.849
A39: 45659.118 | B39: 20438 | C39: 20448 | D39: 20364 | E39: =(B39/$B$2)*$B$3 -> 29927.883
A40: 45659.122 | B40: 20343 | C40: 20439 | D40: 20364 | E40: =(B40/$B$2)*$B$3 -> 29788.773
A41: 45659.125 | B41: 20362 | C41: 20425 | D41: 20240 | E41: =(B41/$B$2)*$B$3 -> 29816.595 | F41: =SUM(E41:E52)/12 -> 29481.142
A42: 45659.128 | B42: 20293 | C42: 20429 | D42: 20240 | E42: =(B42/$B$2)*$B$3 -> 29715.556
A43: 45659.132 | B43: 20346 | C43: 20379 | D43: 20240 | E43: =(B43/$B$2)*$B$3 -> 29793.165
A44: 45659.135 | B44: 20330 | C44: 20275 | D44: 20140 | E44: =(B44/$B$2)*$B$3 -> 29769.736
A45: 45659.139 | B45: 20201 | C45: 20159 | D45: 20140 | E45: =(B45/$B$2)*$B$3 -> 29580.838
A46: 45659.142 | B46: 20059 | C46: 20071 | D46: 20140 | E46: =(B46/$B$2)*$B$3 -> 29372.904
A47: 45659.146 | B47: 20082 | C47: 20012 | D47: 20025 | E47: =(B47/$B$2)*$B$3 -> 29406.584
A48: 45659.149 | B48: 20016 | C48: 19973 | D48: 20025 | E48: =(B48/$B$2)*$B$3 -> 29309.938
A49: 45659.153 | B49: 19959 | C49: 19949 | D49: 20025 | E49: =(B49/$B$2)*$B$3 -> 29226.472
A50: 45659.156 | B50: 19986 | C50: 19939 | D50: 20003 | E50: =(B50/$B$2)*$B$3 -> 29266.008
A51: 45659.16 | B51: 19925 | C51: 19944 | D51: 20003 | E51: =(B51/$B$2)*$B$3 -> 29176.684
A52: 45659.163 | B52: 20036 | C52: 19967 | D52: 20003 | E52: =(B52/$B$2)*$B$3 -> 29339.225
A53: 45659.167 | B53: 19995 | C53: 19983 | D53: 19816 | E53: =(B53/$B$2)*$B$3 -> 29279.187 | F53: =SUM(E53:E64)/12 -> 29355.454
A54: 45659.17 | B54: 20086 | C54: 20022 | D54: 19816 | E54: =(B54/$B$2)*$B$3 -> 29412.441
A55: 45659.174 | B55: 20070 | C55: 20038 | D55: 19816 | E55: =(B55/$B$2)*$B$3 -> 29389.012
A56: 45659.177 | B56: 20067 | C56: 20033 | D56: 19813 | E56: =(B56/$B$2)*$B$3 -> 29384.619
A57: 45659.181 | B57: 20020 | C57: 20015 | D57: 19813 | E57: =(B57/$B$2)*$B$3 -> 29315.795
A58: 45659.184 | B58: 20047 | C58: 19996 | D58: 19813 | E58: =(B58/$B$2)*$B$3 -> 29355.332
A59: 45659.188 | B59: 20068 | C59: 19975 | D59: 19923 | E59: =(B59/$B$2)*$B$3 -> 29386.083
A60: 45659.191 | B60: 19975 | C60: 19961 | D60: 19923 | E60: =(B60/$B$2)*$B$3 -> 29249.901
A61: 45659.194 | B61: 19977 | C61: 19965 | D61: 19923 | E61: =(B61/$B$2)*$B$3 -> 29252.829
A62: 45659.198 | B62: 20054 | C62: 19985 | D62: 20013 | E62: =(B62/$B$2)*$B$3 -> 29365.582
A63: 45659.201 | B63: 20150 | C63: 20025 | D63: 20013 | E63: =(B63/$B$2)*$B$3 -> 29506.158
A64: 45659.205 | B64: 20056 | C64: 20090 | D64: 20013 | E64: =(B64/$B$2)*$B$3 -> 29368.511
A65: 45659.208 | B65: 20212 | C65: 20174 | D65: 20439 | E65: =(B65/$B$2)*$B$3 -> 29596.946 | F65: =SUM(E65:E76)/12 -> 30433.93
A66: 45659.212 | B66: 20340 | C66: 20275 | D66: 20439 | E66: =(B66/$B$2)*$B$3 -> 29784.38
A67: 45659.215 | B67: 20473 | C67: 20378 | D67: 20439 | E67: =(B67/$B$2)*$B$3 -> 29979.135
A68: 45659.219 | B68: 20582 | C68: 20482 | D68: 20698 | E68: =(B68/$B$2)*$B$3 -> 30138.746
A69: 45659.222 | B69: 20618 | C69: 20589 | D69: 20698 | E69: =(B69/$B$2)*$B$3 -> 30191.462
A70: 45659.226 | B70: 20617 | C70: 20702 | D70: 20698 | E70: =(B70/$B$2)*$B$3 -> 30189.998
A71: 45659.229 | B71: 20688 | C71: 20820 | D71: 20899 | E71: =(B71/$B$2)*$B$3 -> 30293.965
A72: 45659.233 | B72: 20918 | C72: 20935 | D72: 20899 | E72: =(B72/$B$2)*$B$3 -> 30630.76
A73: 45659.236 | B73: 20900 | C73: 21040 | D73: 20899 | E73: =(B73/$B$2)*$B$3 -> 30604.402
A74: 45659.24 | B74: 21214 | C74: 21134 | D74: 21190 | E74: =(B74/$B$2)*$B$3 -> 31064.2
A75: 45659.243 | B75: 21252 | C75: 21292 | D75: 21190 | E75: =(B75/$B$2)*$B$3 -> 31119.844
A76: 45659.247 | B76: 21589 | C76: 21590 | D76: 21190 | E76: =(B76/$B$2)*$B$3 -> 31613.322
A77: 45659.25 | B77: 21746 | C77: 22043 | D77: 22493 | E77: =(B77/$B$2)*$B$3 -> 31843.221 | F77: =SUM(E77:E88)/12 -> 34674.86
A78: 45659.253 | B78: 22555 | C78: 22501 | D78: 22493 | E78: =(B78/$B$2)*$B$3 -> 33027.86
A79: 45659.257 | B79: 22834 | C79: 22862 | D79: 22493 | E79: =(B79/$B$2)*$B$3 -> 33436.407
A80: 45659.26 | B80: 23145 | C80: 23126 | D80: 23389 | E80: =(B80/$B$2)*$B$3 -> 33891.812
A81: 45659.264 | B81: 23483 | C81: 23350 | D81: 23389 | E81: =(B81/$B$2)*$B$3 -> 34386.754
A82: 45659.267 | B82: 23582 | C82: 23593 | D82: 23389 | E82: =(B82/$B$2)*$B$3 -> 34531.723
A83: 45659.271 | B83: 23781 | C83: 23855 | D83: 24018 | E83: =(B83/$B$2)*$B$3 -> 34823.123
A84: 45659.274 | B84: 24162 | C84: 24102 | D84: 24018 | E84: =(B84/$B$2)*$B$3 -> 35381.031
A85: 45659.278 | B85: 24390 | C85: 24302 | D85: 24018 | E85: =(B85/$B$2)*$B$3 -> 35714.898
A86: 45659.281 | B86: 24641 | C86: 24455 | D86: 24698 | E86: =(B86/$B$2)*$B$3 -> 36082.443
A87: 45659.285 | B87: 24890 | C87: 24656 | D87: 24698 | E87: =(B87/$B$2)*$B$3 -> 36447.06
A88: 45659.288 | B88: 24948 | C88: 25000 | D88: 24698 | E88: =(B88/$B$2)*$B$3 -> 36531.991
A89: 45659.292 | B89: 25403 | C89: 25556 | D89: 26402 | E89: =(B89/$B$2)*$B$3 -> 37198.259 | F89: =SUM(E89:E100)/12 -> 40256.259
A90: 45659.295 | B90: 26192 | C90: 26067 | D90: 26402 | E90: =(B90/$B$2)*$B$3 -> 38353.612
A91: 45659.299 | B91: 26640 | C91: 26483 | D91: 26402 | E91: =(B91/$B$2)*$B$3 -> 39009.63
A92: 45659.302 | B92: 26800 | C92: 26803 | D92: 27272 | E92: =(B92/$B$2)*$B$3 -> 39243.922
A93: 45659.306 | B93: 27120 | C93: 27085 | D93: 27272 | E93: =(B93/$B$2)*$B$3 -> 39712.506
A94: 45659.309 | B94: 27432 | C94: 27388 | D94: 27272 | E94: =(B94/$B$2)*$B$3 -> 40169.376
A95: 45659.312 | B95: 27589 | C95: 27711 | D95: 27971 | E95: =(B95/$B$2)*$B$3 -> 40399.275
A96: 45659.316 | B96: 28067 | C96: 28018 | D96: 27971 | E96: =(B96/$B$2)*$B$3 -> 41099.222
A97: 45659.319 | B97: 28327 | C97: 28269 | D97: 27971 | E97: =(B97/$B$2)*$B$3 -> 41479.947
A98: 45659.323 | B98: 28564 | C98: 28467 | D98: 28969 | E98: =(B98/$B$2)*$B$3 -> 41826.992
A99: 45659.326 | B99: 28773 | C99: 28674 | D99: 28969 | E99: =(B99/$B$2)*$B$3 -> 42133.036
A100: 45659.33 | B100: 28989 | C100: 28954 | D100: 28969 | E100: =(B100/$B$2)*$B$3 -> 42449.33
...

Sheet 2025-01-03
A1: Seguimiento de la demanda de energía eléctrica (MW)
A2: Demanda anual 2024 (GWh) | B2: 241811000
A3: Demanda anual 2040 (GWh) | B3: =354.09*10^6 -> 354090000
A4: Hora | B4: Real | C4: Prevista | D4: Programada | E4: Real 2040 MW | F4: Real 2040 cada h | H4: Fecha | I4: DEMANDA REAL 2040
A5: 45660 | B5: 28116 | C5: 28586 | D5: 28132 | E5: =(B5/$B$2)*$B$3 -> 41170.974 | F5: =SUM(E5:E16)/12 -> 39786.088 | H5: 45658 | I5: =F5 -> 39786.088
A6: 45660.003 | B6: 28154 | C6: 28368 | D6: 28132 | E6: =(B6/$B$2)*$B$3 -> 41226.619 | H6: 45658.042 | I6: =F17 -> 36372.624
A7: 45660.007 | B7: 28050 | C7: 28164 | D7: 28132 | E7: =(B7/$B$2)*$B$3 -> 41074.329 | H7: 45658.083 | I7: =F29 -> 33980.038
A8: 45660.01 | B8: 27759 | C8: 27974 | D8: 27583 | E8: =(B8/$B$2)*$B$3 -> 40648.21 | H8: 45658.125 | I8: =F41 -> 32778.315
A9: 45660.014 | B9: 27495 | C9: 27788 | D9: 27583 | E9: =(B9/$B$2)*$B$3 -> 40261.628 | H9: 45658.167 | I9: =F53 -> 32358.786
A10: 45660.017 | B10: 27301 | C10: 27598 | D10: 27583 | E10: =(B10/$B$2)*$B$3 -> 39977.549 | H10: 45658.208 | I10: =F65 -> 33021.027
A11: 45660.021 | B11: 27152 | C11: 27403 | D11: 27073 | E11: =(B11/$B$2)*$B$3 -> 39759.364 | H11: 45658.25 | I11: =F77 -> 36760.792
A12: 45660.024 | B12: 26787 | C12: 27215 | D12: 27073 | E12: =(B12/$B$2)*$B$3 -> 39224.886 | H12: 45658.292 | I12: =F89 -> 41812.227
A13: 45660.028 | B13: 26610 | C13: 27041 | D13: 27073 | E13: =(B13/$B$2)*$B$3 -> 38965.7 | H13: 45658.333 | I13: =F101 -> 46297.334
A14: 45660.031 | B14: 26500 | C14: 26884 | D14: 26276 | E14: =(B14/$B$2)*$B$3 -> 38804.624 | H14: 45658.375 | I14: =F113 -> 48833.911
A15: 45660.035 | B15: 26054 | C15: 26714 | D15: 26276 | E15: =(B15/$B$2)*$B$3 -> 38151.535 | H15: 45658.417 | I15: =F125 -> 49321.41
A16: 45660.038 | B16: 26065 | C16: 26507 | D16: 26276 | E16: =(B16/$B$2)*$B$3 -> 38167.643 | H16: 45658.458 | I16: =F137 -> 48719.328
A17: 45660.042 | B17: 25808 | C17: 26129 | D17: 25654 | E17: =(B17/$B$2)*$B$3 -> 37791.311 | F17: =SUM(E17:E28)/12 -> 36372.624 | H17: 45658.5 | I17: =F149 -> 48409.745
A18: 45660.045 | B18: 25671 | C18: 25885 | D18: 25654 | E18: =(B18/$B$2)*$B$3 -> 37590.698 | H18: 45658.542 | I18: =F161 -> 48526.159
A19: 45660.049 | B19: 25382 | C19: 25681 | D19: 25654 | E19: =(B19/$B$2)*$B$3 -> 37167.508 | H19: 45658.583 | I19: =F173 -> 48482.229
A20: 45660.052 | B20: 25185 | C20: 25519 | D20: 25150 | E20: =(B20/$B$2)*$B$3 -> 36879.036 | H20: 45658.625 | I20: =F185 -> 47261.226
A21: 45660.056 | B21: 25148 | C21: 25376 | D21: 25150 | E21: =(B21/$B$2)*$B$3 -> 36824.856 | H21: 45658.667 | I21: =F197 -> 47290.024
A22: 45660.059 | B22: 24940 | C22: 25230 | D22: 25150 | E22: =(B22/$B$2)*$B$3 -> 36520.277 | H22: 45658.708 | I22: =F209 -> 48560.326
A23: 45660.062 | B23: 24683 | C23: 25081 | D23: 24595 | E23: =(B23/$B$2)*$B$3 -> 36143.945 | H23: 45658.75 | I23: =F221 -> 51258.956
A24: 45660.066 | B24: 24519 | C24: 24945 | D24: 24595 | E24: =(B24/$B$2)*$B$3 -> 35903.796 | H24: 45658.792 | I24: =F233 -> 52118.881
A25: 45660.069 | B25: 24504 | C25: 24837 | D25: 24595 | E25: =(B25/$B$2)*$B$3 -> 35881.831 | H25: 45658.833 | I25: =F245 -> 52673.983
A26: 45660.073 | B26: 24211 | C26: 24757 | D26: 24043 | E26: =(B26/$B$2)*$B$3 -> 35452.783 | H26: 45658.875 | I26: =F257 -> 51846.517
A27: 45660.076 | B27: 24082 | C27: 24663 | D27: 24043 | E27: =(B27/$B$2)*$B$3 -> 35263.885 | H27: 45658.917 | I27: =F269 -> 47934.693
A28: 45660.08 | B28: 23937 | C28: 24512 | D28: 24043 | E28: =(B28/$B$2)*$B$3 -> 35051.558 | H28: 45658.958 | I28: =F281 -> 43665.819
A29: 45660.083 | B29: 23578 | C29: 24215 | D29: 23590 | E29: =(B29/$B$2)*$B$3 -> 34525.865 | F29: =SUM(E29:E40)/12 -> 33980.038
A30: 45660.087 | B30: 23536 | C30: 24011 | D30: 23590 | E30: =(B30/$B$2)*$B$3 -> 34464.364
A31: 45660.09 | B31: 23455 | C31: 23873 | D31: 23590 | E31: =(B31/$B$2)*$B$3 -> 34345.753
A32: 45660.094 | B32: 23421 | C32: 23799 | D32: 23386 | E32: =(B32/$B$2)*$B$3 -> 34295.966
A33: 45660.097 | B33: 23332 | C33: 23750 | D33: 23386 | E33: =(B33/$B$2)*$B$3 -> 34165.641
A34: 45660.101 | B34: 23083 | C34: 23689 | D34: 23386 | E34: =(B34/$B$2)*$B$3 -> 33801.024
A35: 45660.104 | B35: 23046 | C35: 23615 | D35: 23085 | E35: =(B35/$B$2)*$B$3 -> 33746.844
A36: 45660.108 | B36: 23225 | C36: 23541 | D36: 23085 | E36: =(B36/$B$2)*$B$3 -> 34008.958
A37: 45660.111 | B37: 23121 | C37: 23481 | D37: 23085 | E37: =(B37/$B$2)*$B$3 -> 33856.669
A38: 45660.115 | B38: 22943 | C38: 23436 | D38: 22889 | E38: =(B38/$B$2)*$B$3 -> 33596.019
A39: 45660.118 | B39: 22928 | C39: 23387 | D39: 22889 | E39: =(B39/$B$2)*$B$3 -> 33574.054
A40: 45660.122 | B40: 22795 | C40: 23320 | D40: 22889 | E40: =(B40/$B$2)*$B$3 -> 33379.299
A41: 45660.125 | B41: 22615 | C41: 23189 | D41: 22646 | E41: =(B41/$B$2)*$B$3 -> 33115.72 | F41: =SUM(E41:E52)/12 -> 32778.315
A42: 45660.128 | B42: 22625 | C42: 23106 | D42: 22646 | E42: =(B42/$B$2)*$B$3 -> 33130.363
A43: 45660.132 | B43: 22426 | C43: 23050 | D43: 22646 | E43: =(B43/$B$2)*$B$3 -> 32838.962
A44: 45660.135 | B44: 22360 | C44: 23020 | D44: 22639 | E44: =(B44/$B$2)*$B$3 -> 32742.317
A45: 45660.139 | B45: 22572 | C45: 22998 | D45: 22639 | E45: =(B45/$B$2)*$B$3 -> 33052.754
A46: 45660.142 | B46: 22436 | C46: 22966 | D46: 22639 | E46: =(B46/$B$2)*$B$3 -> 32853.606
A47: 45660.146 | B47: 22490 | C47: 22924 | D47: 22333 | E47: =(B47/$B$2)*$B$3 -> 32932.679
A48: 45660.149 | B48: 22294 | C48: 22894 | D48: 22333 | E48: =(B48/$B$2)*$B$3 -> 32645.671
A49: 45660.153 | B49: 22229 | C49: 22900 | D49: 22333 | E49: =(B49/$B$2)*$B$3 -> 32550.49
A50: 45660.156 | B50: 22202 | C50: 22940 | D50: 22325 | E50: =(B50/$B$2)*$B$3 -> 32510.954
A51: 45660.16 | B51: 22243 | C51: 22944 | D51: 22325 | E51: =(B51/$B$2)*$B$3 -> 32570.991
A52: 45660.163 | B52: 22123 | C52: 22839 | D52: 22325 | E52: =(B52/$B$2)*$B$3 -> 32395.272
A53: 45660.167 | B53: 22008 | C53: 22599 | D53: 22210 | E53: =(B53/$B$2)*$B$3 -> 32226.874 | F53: =SUM(E53:E64)/12 -> 32358.786
A54: 45660.17 | B54: 22195 | C54: 22388 | D54: 22210 | E54: =(B54/$B$2)*$B$3 -> 32500.703
A55: 45660.174 | B55: 22148 | C55: 22289 | D55: 22210 | E55: =(B55/$B$2)*$B$3 -> 32431.88
A56: 45660.177 | B56: 22185 | C56: 22303 | D56: 22210 | E56: =(B56/$B$2)*$B$3 -> 32486.06
A57: 45660.181 | B57: 22100 | C57: 22357 | D57: 22210 | E57: =(B57/$B$2)*$B$3 -> 32361.592
A58: 45660.184 | B58: 21981 | C58: 22380 | D58: 22210 | E58: =(B58/$B$2)*$B$3 -> 32187.338
A59: 45660.188 | B59: 22097 | C59: 22370 | D59: 22281 | E59: =(B59/$B$2)*$B$3 -> 32357.199
A60: 45660.191 | B60: 21994 | C60: 22361 | D60: 22281 | E60: =(B60/$B$2)*$B$3 -> 32206.374
A61: 45660.194 | B61: 22167 | C61: 22385 | D61: 22281 | E61: =(B61/$B$2)*$B$3 -> 32459.702
A62: 45660.198 | B62: 22100 | C62: 22443 | D62: 22260 | E62: =(B62/$B$2)*$B$3 -> 32361.592
A63: 45660.201 | B63: 22149 | C63: 22484 | D63: 22260 | E63: =(B63/$B$2)*$B$3 -> 32433.344
A64: 45660.205 | B64: 22053 | C64: 22461 | D64: 22260 | E64: =(B64/$B$2)*$B$3 -> 32292.769
A65: 45660.208 | B65: 22089 | C65: 22367 | D65: 22525 | E65: =(B65/$B$2)*$B$3 -> 32345.485 | F65: =SUM(E65:E76)/12 -> 33021.027
A66: 45660.212 | B66: 22290 | C66: 22292 | D66: 22525 | E66: =(B66/$B$2)*$B$3 -> 32639.814
A67: 45660.215 | B67: 22481 | C67: 22308 | D67: 22525 | E67: =(B67/$B$2)*$B$3 -> 32919.5
A68: 45660.219 | B68: 22360 | C68: 22416 | D68: 22721 | E68: =(B68/$B$2)*$B$3 -> 32742.317
A69: 45660.222 | B69: 22308 | C69: 22566 | D69: 22721 | E69: =(B69/$B$2)*$B$3 -> 32666.172
A70: 45660.226 | B70: 22438 | C70: 22708 | D70: 22721 | E70: =(B70/$B$2)*$B$3 -> 32856.534
A71: 45660.229 | B71: 22524 | C71: 22843 | D71: 22992 | E71: =(B71/$B$2)*$B$3 -> 32982.466
A72: 45660.233 | B72: 22574 | C72: 22993 | D72: 22992 | E72: =(B72/$B$2)*$B$3 -> 33055.683
A73: 45660.236 | B73: 22641 | C73: 23181 | D73: 22992 | E73: =(B73/$B$2)*$B$3 -> 33153.792
A74: 45660.24 | B74: 22818 | C74: 23408 | D74: 23493 | E74: =(B74/$B$2)*$B$3 -> 33412.978
A75: 45660.243 | B75: 23005 | C75: 23626 | D75: 23493 | E75: =(B75/$B$2)*$B$3 -> 33686.807
A76: 45660.247 | B76: 23076 | C76: 23787 | D76: 23493 | E76: =(B76/$B$2)*$B$3 -> 33790.774
A77: 45660.25 | B77: 23259 | C77: 23905 | D77: 24336 | E77: =(B77/$B$2)*$B$3 -> 34058.746 | F77: =SUM(E77:E88)/12 -> 36760.792
A78: 45660.253 | B78: 23961 | C78: 24019 | D78: 24336 | E78: =(B78/$B$2)*$B$3 -> 35086.702
A79: 45660.257 | B79: 24385 | C79: 24209 | D79: 24336 | E79: =(B79/$B$2)*$B$3 -> 35707.576
A80: 45660.26 | B80: 24712 | C80: 24473 | D80: 24833 | E80: =(B80/$B$2)*$B$3 -> 36186.41
A81: 45660.264 | B81: 24846 | C81: 24769 | D81: 24833 | E81: =(B81/$B$2)*$B$3 -> 36382.63
A82: 45660.267 | B82: 24855 | C82: 25056 | D82: 24833 | E82: =(B82/$B$2)*$B$3 -> 36395.809
A83: 45660.271 | B83: 25103 | C83: 25333 | D83: 25522 | E83: =(B83/$B$2)*$B$3 -> 36758.962
A84: 45660.274 | B84: 25695 | C84: 25613 | D84: 25522 | E84: =(B84/$B$2)*$B$3 -> 37625.842
A85: 45660.278 | B85: 25767 | C85: 25909 | D85: 25522 | E85: =(B85/$B$2)*$B$3 -> 37731.274
A86: 45660.281 | B86: 25799 | C86: 26222 | D86: 26341 | E86: =(B86/$B$2)*$B$3 -> 37778.132
A87: 45660.285 | B87: 26274 | C87: 26534 | D87: 26341 | E87: =(B87/$B$2)*$B$3 -> 38473.687
A88: 45660.288 | B88: 26595 | C88: 26827 | D88: 26341 | E88: =(B88/$B$2)*$B$3 -> 38943.735
A89: 45660.292 | B89: 26719 | C89: 27167 | D89: 27778 | E89: =(B89/$B$2)*$B$3 -> 39125.312 | F89: =SUM(E89:E100)/12 -> 41812.227
A90: 45660.295 | B90: 27286 | C90: 27445 | D90: 27778 | E90: =(B90/$B$2)*$B$3 -> 39955.584
A91: 45660.299 | B91: 27709 | C91: 27745 | D91: 27778 | E91: =(B91/$B$2)*$B$3 -> 40574.994
A92: 45660.302 | B92: 28067 | C92: 28069 | D92: 28431 | E92: =(B92/$B$2)*$B$3 -> 41099.222
A93: 45660.306 | B93: 28245 | C93: 28401 | D93: 28431 | E93: =(B93/$B$2)*$B$3 -> 41359.872
A94: 45660.309 | B94: 28459 | C94: 28725 | D94: 28431 | E94: =(B94/$B$2)*$B$3 -> 41673.238
A95: 45660.312 | B95: 28678 | C95: 29041 | D95: 29021 | E95: =(B95/$B$2)*$B$3 -> 41993.925
A96: 45660.316 | B96: 28978 | C96: 29350 | D96: 29021 | E96: =(B96/$B$2)*$B$3 -> 42433.223
A97: 45660.319 | B97: 29123 | C97: 29653 | D97: 29021 | E97: =(B97/$B$2)*$B$3 -> 42645.55
A98: 45660.323 | B98: 29455 | C98: 29948 | D98: 29794 | E98: =(B98/$B$2)*$B$3 -> 43131.706
A99: 45660.326 | B99: 29795 | C99: 30239 | D99: 29794 | E99: =(B99/$B$2)*$B$3 -> 43629.577
A100: 45660.33 | B100: 30133 | C100: 30527 | D100: 29794 | E100: =(B100/$B$2)*$B$3 -> 44124.519
...

Sheet 2025-01-04
A1: Seguimiento de la demanda de energía eléctrica (MW)
A2: Demanda anual 2024 (GWh) | B2: 241811000
A3: Demanda anual 2040 (GWh) | B3: =354.09*10^6 -> 354090000
A4: Hora | B4: Real | C4: Prevista | D4: Programada | E4: Real 2040 MW | F4: Real 2040 cada h | H4: Fecha | I4: DEMANDA REAL 2040
A5: 45661 | B5: 28347 | C5: 28201 | D5: 27649 | E5: =(B5/$B$2)*$B$3 -> 41509.233 | F5: =SUM(E5:E16)/12 -> 40132.523 | H5: 45658 | I5: =F5 -> 40132.523
A6: 45661.003 | B6: 28438 | C6: 28024 | D6: 27649 | E6: =(B6/$B$2)*$B$3 -> 41642.487 | H6: 45658.042 | I6: =F17 -> 36619.973
A7: 45661.007 | B7: 28076 | C7: 27832 | D7: 27649 | E7: =(B7/$B$2)*$B$3 -> 41112.401 | H7: 45658.083 | I7: =F29 -> 33882.66
A8: 45661.01 | B8: 27961 | C8: 27626 | D8: 27350 | E8: =(B8/$B$2)*$B$3 -> 40944.004 | H8: 45658.125 | I8: =F41 -> 32444.815
A9: 45661.014 | B9: 27765 | C9: 27417 | D9: 27350 | E9: =(B9/$B$2)*$B$3 -> 40656.996 | H9: 45658.167 | I9: =F53 -> 31786.478
A10: 45661.017 | B10: 27535 | C10: 27218 | D10: 27350 | E10: =(B10/$B$2)*$B$3 -> 40320.201 | H10: 45658.208 | I10: =F65 -> 31884.466
A11: 45661.021 | B11: 27313 | C11: 27028 | D11: 27078 | E11: =(B11/$B$2)*$B$3 -> 39995.121 | H11: 45658.25 | I11: =F77 -> 33053.12
A12: 45661.024 | B12: 26989 | C12: 26842 | D12: 27078 | E12: =(B12/$B$2)*$B$3 -> 39520.679 | H12: 45658.292 | I12: =F89 -> 35477.921
A13: 45661.028 | B13: 26972 | C13: 26655 | D13: 27078 | E13: =(B13/$B$2)*$B$3 -> 39495.786 | H13: 45658.333 | I13: =F101 -> 38046.348
A14: 45661.031 | B14: 26800 | C14: 26467 | D14: 26327 | E14: =(B14/$B$2)*$B$3 -> 39243.922 | H14: 45658.375 | I14: =F113 -> 41192.573
A15: 45661.035 | B15: 26483 | C15: 26287 | D15: 26327 | E15: =(B15/$B$2)*$B$3 -> 38779.731 | H15: 45658.417 | I15: =F125 -> 43375.638
A16: 45661.038 | B16: 26203 | C16: 26123 | D16: 26327 | E16: =(B16/$B$2)*$B$3 -> 38369.72 | H16: 45658.458 | I16: =F137 -> 43115.964
A17: 45661.042 | B17: 25713 | C17: 25870 | D17: 25711 | E17: =(B17/$B$2)*$B$3 -> 37652.2 | F17: =SUM(E17:E28)/12 -> 36619.973 | H17: 45658.5 | I17: =F149 -> 42292.892
A18: 45661.045 | B18: 25940 | C18: 25727 | D18: 25711 | E18: =(B18/$B$2)*$B$3 -> 37984.602 | H18: 45658.542 | I18: =F161 -> 42564.89
A19: 45661.049 | B19: 25711 | C19: 25575 | D19: 25711 | E19: =(B19/$B$2)*$B$3 -> 37649.271 | H19: 45658.583 | I19: =F173 -> 43001.991
A20: 45661.052 | B20: 25521 | C20: 25415 | D20: 25113 | E20: =(B20/$B$2)*$B$3 -> 37371.05 | H20: 45658.625 | I20: =F185 -> 42610.162
A21: 45661.056 | B21: 25277 | C21: 25254 | D21: 25113 | E21: =(B21/$B$2)*$B$3 -> 37013.754 | H21: 45658.667 | I21: =F197 -> 42356.468
A22: 45661.059 | B22: 25202 | C22: 25099 | D22: 25113 | E22: =(B22/$B$2)*$B$3 -> 36903.93 | H22: 45658.708 | I22: =F209 -> 43333.173
A23: 45661.062 | B23: 25058 | C23: 24951 | D23: 24712 | E23: =(B23/$B$2)*$B$3 -> 36693.067 | H23: 45658.75 | I23: =F221 -> 45815.937
A24: 45661.066 | B24: 24954 | C24: 24806 | D24: 24712 | E24: =(B24/$B$2)*$B$3 -> 36540.777 | H24: 45658.792 | I24: =F233 -> 46935.169
A25: 45661.069 | B25: 24571 | C25: 24662 | D25: 24712 | E25: =(B25/$B$2)*$B$3 -> 35979.94 | H25: 45658.833 | I25: =F245 -> 48083.444
A26: 45661.073 | B26: 24271 | C26: 24518 | D26: 24112 | E26: =(B26/$B$2)*$B$3 -> 35540.643 | H26: 45658.875 | I26: =F257 -> 48165.447
A27: 45661.076 | B27: 23969 | C27: 24383 | D27: 24112 | E27: =(B27/$B$2)*$B$3 -> 35098.417 | H27: 45658.917 | I27: =F269 -> 44840.94
A28: 45661.08 | B28: 23910 | C28: 24261 | D28: 24112 | E28: =(B28/$B$2)*$B$3 -> 35012.021 | H28: 45658.958 | I28: =F281 -> 41235.893
A29: 45661.083 | B29: 23762 | C29: 24067 | D29: 23600 | E29: =(B29/$B$2)*$B$3 -> 34795.301 | F29: =SUM(E29:E40)/12 -> 33882.66
A30: 45661.087 | B30: 23669 | C30: 23967 | D30: 23600 | E30: =(B30/$B$2)*$B$3 -> 34659.119
A31: 45661.09 | B31: 23614 | C31: 23867 | D31: 23600 | E31: =(B31/$B$2)*$B$3 -> 34578.581
A32: 45661.094 | B32: 23322 | C32: 23766 | D32: 23102 | E32: =(B32/$B$2)*$B$3 -> 34150.998
A33: 45661.097 | B33: 23378 | C33: 23668 | D33: 23102 | E33: =(B33/$B$2)*$B$3 -> 34233
A34: 45661.101 | B34: 23164 | C34: 23574 | D34: 23102 | E34: =(B34/$B$2)*$B$3 -> 33919.635
A35: 45661.104 | B35: 23095 | C35: 23485 | D35: 22902 | E35: =(B35/$B$2)*$B$3 -> 33818.596
A36: 45661.108 | B36: 22961 | C36: 23404 | D36: 22902 | E36: =(B36/$B$2)*$B$3 -> 33622.377
A37: 45661.111 | B37: 22883 | C37: 23333 | D37: 22902 | E37: =(B37/$B$2)*$B$3 -> 33508.159
A38: 45661.115 | B38: 22669 | C38: 23273 | D38: 22602 | E38: =(B38/$B$2)*$B$3 -> 33194.793
A39: 45661.118 | B39: 22624 | C39: 23208 | D39: 22602 | E39: =(B39/$B$2)*$B$3 -> 33128.899
A40: 45661.122 | B40: 22524 | C40: 23123 | D40: 22602 | E40: =(B40/$B$2)*$B$3 -> 32982.466
A41: 45661.125 | B41: 22443 | C41: 22954 | D41: 22327 | E41: =(B41/$B$2)*$B$3 -> 32863.856 | F41: =SUM(E41:E52)/12 -> 32444.815
A42: 45661.128 | B42: 22279 | C42: 22856 | D42: 22327 | E42: =(B42/$B$2)*$B$3 -> 32623.707
A43: 45661.132 | B43: 22502 | C43: 22790 | D43: 22327 | E43: =(B43/$B$2)*$B$3 -> 32950.251
A44: 45661.135 | B44: 22462 | C44: 22756 | D44: 22136 | E44: =(B44/$B$2)*$B$3 -> 32891.678
A45: 45661.139 | B45: 22226 | C45: 22730 | D45: 22136 | E45: =(B45/$B$2)*$B$3 -> 32546.097
A46: 45661.142 | B46: 22143 | C46: 22687 | D46: 22136 | E46: =(B46/$B$2)*$B$3 -> 32424.558
A47: 45661.146 | B47: 21988 | C47: 22628 | D47: 21936 | E47: =(B47/$B$2)*$B$3 -> 32197.588
A48: 45661.149 | B48: 22146 | C48: 22583 | D48: 21936 | E48: =(B48/$B$2)*$B$3 -> 32428.951
A49: 45661.153 | B49: 22203 | C49: 22580 | D49: 21936 | E49: =(B49/$B$2)*$B$3 -> 32512.418
A50: 45661.156 | B50: 21962 | C50: 22621 | D50: 21836 | E50: =(B50/$B$2)*$B$3 -> 32159.515
A51: 45661.16 | B51: 21786 | C51: 22610 | D51: 21836 | E51: =(B51/$B$2)*$B$3 -> 31901.794
A52: 45661.163 | B52: 21742 | C52: 22451 | D52: 21836 | E52: =(B52/$B$2)*$B$3 -> 31837.364
A53: 45661.167 | B53: 21826 | C53: 22111 | D53: 21696 | E53: =(B53/$B$2)*$B$3 -> 31960.367 | F53: =SUM(E53:E64)/12 -> 31786.478
A54: 45661.17 | B54: 21754 | C54: 21809 | D54: 21696 | E54: =(B54/$B$2)*$B$3 -> 31854.936
A55: 45661.174 | B55: 21555 | C55: 21660 | D55: 21696 | E55: =(B55/$B$2)*$B$3 -> 31563.535
A56: 45661.177 | B56: 21789 | C56: 21666 | D56: 21497 | E56: =(B56/$B$2)*$B$3 -> 31906.187
A57: 45661.181 | B57: 21770 | C57: 21728 | D57: 21497 | E57: =(B57/$B$2)*$B$3 -> 31878.365
A58: 45661.184 | B58: 21708 | C58: 21749 | D58: 21497 | E58: =(B58/$B$2)*$B$3 -> 31787.577
A59: 45661.188 | B59: 21558 | C59: 21728 | D59: 21498 | E59: =(B59/$B$2)*$B$3 -> 31567.928
A60: 45661.191 | B60: 21797 | C60: 21700 | D60: 21498 | E60: =(B60/$B$2)*$B$3 -> 31917.902
A61: 45661.194 | B61: 21764 | C61: 21699 | D61: 21498 | E61: =(B61/$B$2)*$B$3 -> 31869.579
A62: 45661.198 | B62: 21645 | C62: 21724 | D62: 21498 | E62: =(B62/$B$2)*$B$3 -> 31695.324
A63: 45661.201 | B63: 21607 | C63: 21739 | D63: 21498 | E63: =(B63/$B$2)*$B$3 -> 31639.68
A64: 45661.205 | B64: 21714 | C64: 21708 | D64: 21498 | E64: =(B64/$B$2)*$B$3 -> 31796.363
A65: 45661.208 | B65: 21751 | C65: 21619 | D65: 21691 | E65: =(B65/$B$2)*$B$3 -> 31850.543 | F65: =SUM(E65:E76)/12 -> 31884.466
A66: 45661.212 | B66: 21722 | C66: 21543 | D66: 21691 | E66: =(B66/$B$2)*$B$3 -> 31808.077
A67: 45661.215 | B67: 21876 | C67: 21516 | D67: 21691 | E67: =(B67/$B$2)*$B$3 -> 32033.583
A68: 45661.219 | B68: 21845 | C68: 21539 | D68: 21811 | E68: =(B68/$B$2)*$B$3 -> 31988.189
A69: 45661.222 | B69: 21842 | C69: 21585 | D69: 21811 | E69: =(B69/$B$2)*$B$3 -> 31983.796
A70: 45661.226 | B70: 21783 | C70: 21629 | D70: 21811 | E70: =(B70/$B$2)*$B$3 -> 31897.401
A71: 45661.229 | B71: 21790 | C71: 21671 | D71: 21691 | E71: =(B71/$B$2)*$B$3 -> 31907.651
A72: 45661.233 | B72: 21717 | C72: 21715 | D72: 21691 | E72: =(B72/$B$2)*$B$3 -> 31800.756
A73: 45661.236 | B73: 21629 | C73: 21767 | D73: 21691 | E73: =(B73/$B$2)*$B$3 -> 31671.895
A74: 45661.24 | B74: 21796 | C74: 21827 | D74: 21811 | E74: =(B74/$B$2)*$B$3 -> 31916.437
A75: 45661.243 | B75: 21754 | C75: 21899 | D75: 21811 | E75: =(B75/$B$2)*$B$3 -> 31854.936
A76: 45661.247 | B76: 21785 | C76: 21984 | D76: 21811 | E76: =(B76/$B$2)*$B$3 -> 31900.33
A77: 45661.25 | B77: 21835 | C77: 22088 | D77: 22251 | E77: =(B77/$B$2)*$B$3 -> 31973.546 | F77: =SUM(E77:E88)/12 -> 33053.12
A78: 45661.253 | B78: 22107 | C78: 22192 | D78: 22251 | E78: =(B78/$B$2)*$B$3 -> 32371.843
A79: 45661.257 | B79: 22259 | C79: 22291 | D79: 22251 | E79: =(B79/$B$2)*$B$3 -> 32594.42
A80: 45661.26 | B80: 22531 | C80: 22385 | D80: 22647 | E80: =(B80/$B$2)*$B$3 -> 32992.717
A81: 45661.264 | B81: 22567 | C81: 22477 | D81: 22647 | E81: =(B81/$B$2)*$B$3 -> 33045.432
A82: 45661.267 | B82: 22581 | C82: 22569 | D82: 22647 | E82: =(B82/$B$2)*$B$3 -> 33065.933
A83: 45661.271 | B83: 22625 | C83: 22662 | D83: 22846 | E83: =(B83/$B$2)*$B$3 -> 33130.363
A84: 45661.274 | B84: 22748 | C84: 22755 | D84: 22846 | E84: =(B84/$B$2)*$B$3 -> 33310.475
A85: 45661.278 | B85: 22931 | C85: 22846 | D85: 22846 | E85: =(B85/$B$2)*$B$3 -> 33578.447
A86: 45661.281 | B86: 22948 | C86: 22937 | D86: 23059 | E86: =(B86/$B$2)*$B$3 -> 33603.34
A87: 45661.285 | B87: 22754 | C87: 23032 | D87: 23059 | E87: =(B87/$B$2)*$B$3 -> 33319.261
A88: 45661.288 | B88: 22981 | C88: 23139 | D88: 23059 | E88: =(B88/$B$2)*$B$3 -> 33651.663
A89: 45661.292 | B89: 23113 | C89: 23288 | D89: 23772 | E89: =(B89/$B$2)*$B$3 -> 33844.954 | F89: =SUM(E89:E100)/12 -> 35477.921
A90: 45661.295 | B90: 23622 | C90: 23415 | D90: 23772 | E90: =(B90/$B$2)*$B$3 -> 34590.296
A91: 45661.299 | B91: 23752 | C91: 23550 | D91: 23772 | E91: =(B91/$B$2)*$B$3 -> 34780.658
A92: 45661.302 | B92: 24073 | C92: 23693 | D92: 24074 | E92: =(B92/$B$2)*$B$3 -> 35250.706
A93: 45661.306 | B93: 24147 | C93: 23840 | D93: 24074 | E93: =(B93/$B$2)*$B$3 -> 35359.067
A94: 45661.309 | B94: 24312 | C94: 23992 | D94: 24074 | E94: =(B94/$B$2)*$B$3 -> 35600.68
A95: 45661.312 | B95: 24409 | C95: 24147 | D95: 24624 | E95: =(B95/$B$2)*$B$3 -> 35742.72
A96: 45661.316 | B96: 24580 | C96: 24309 | D96: 24624 | E96: =(B96/$B$2)*$B$3 -> 35993.119
A97: 45661.319 | B97: 24470 | C97: 24479 | D97: 24624 | E97: =(B97/$B$2)*$B$3 -> 35832.044
A98: 45661.323 | B98: 24648 | C98: 24659 | D98: 24883 | E98: =(B98/$B$2)*$B$3 -> 36092.694
A99: 45661.326 | B99: 24777 | C99: 24835 | D99: 24883 | E99: =(B99/$B$2)*$B$3 -> 36281.592
A100: 45661.33 | B100: 24835 | C100: 24994 | D100: 24883 | E100: =(B100/$B$2)*$B$3 -> 36366.522
...

Sheet 2025-01-05
A1: Seguimiento de la demanda de energía eléctrica (MW)
A2: Demanda anual 2024 (GWh) | B2: 241811000
A3: Demanda anual 2040 (GWh) | B3: =354.09*10^6 -> 354090000
A4: Hora | B4: Real | C4: Prevista | D4: Programada | E4: Real 2040 MW | F4: Real 2040 cada h | H4: Fecha | I4: DEMANDA REAL 2040
A5: 45662 | B5: 26852 | C5: 26805 | D5: 26331 | E5: =(B5/$B$2)*$B$3 -> 39320.067 | F5: =SUM(E5:E16)/12 -> 37817.303 | H5: 45658 | I5: =F5 -> 37817.303
A6: 45662.003 | B6: 26758 | C6: 26572 | D6: 26331 | E6: =(B6/$B$2)*$B$3 -> 39182.42 | H6: 45658.042 | I6: =F17 -> 34690.724
A7: 45662.007 | B7: 26475 | C7: 26407 | D7: 26331 | E7: =(B7/$B$2)*$B$3 -> 38768.016 | H7: 45658.083 | I7: =F29 -> 32328.645
A8: 45662.01 | B8: 26364 | C8: 26310 | D8: 25720 | E8: =(B8/$B$2)*$B$3 -> 38605.476 | H8: 45658.125 | I8: =F41 -> 30755.959
A9: 45662.014 | B9: 26301 | C9: 26215 | D9: 25720 | E9: =(B9/$B$2)*$B$3 -> 38513.224 | H9: 45658.167 | I9: =F53 -> 30186.703
A10: 45662.017 | B10: 26060 | C10: 26053 | D10: 25720 | E10: =(B10/$B$2)*$B$3 -> 38160.321 | H10: 45658.208 | I10: =F65 -> 30030.508
A11: 45662.021 | B11: 25614 | C11: 25826 | D11: 25141 | E11: =(B11/$B$2)*$B$3 -> 37507.232 | H11: 45658.25 | I11: =F77 -> 30869.079
A12: 45662.024 | B12: 25614 | C12: 25567 | D12: 25141 | E12: =(B12/$B$2)*$B$3 -> 37507.232 | H12: 45658.292 | I12: =F89 -> 32280.322
A13: 45662.028 | B13: 25318 | C13: 25311 | D13: 25141 | E13: =(B13/$B$2)*$B$3 -> 37073.792 | H13: 45658.333 | I13: =F101 -> 34008.348
A14: 45662.031 | B14: 25071 | C14: 25057 | D14: 24621 | E14: =(B14/$B$2)*$B$3 -> 36712.103 | H14: 45658.375 | I14: =F113 -> 36799.231
A15: 45662.035 | B15: 24765 | C15: 24834 | D15: 24621 | E15: =(B15/$B$2)*$B$3 -> 36264.02 | H15: 45658.417 | I15: =F125 -> 39399.506
A16: 45662.038 | B16: 24717 | C16: 24673 | D16: 24621 | E16: =(B16/$B$2)*$B$3 -> 36193.732 | H16: 45658.458 | I16: =F137 -> 40318.249
A17: 45662.042 | B17: 24598 | C17: 24473 | D17: 23982 | E17: =(B17/$B$2)*$B$3 -> 36019.477 | F17: =SUM(E17:E28)/12 -> 34690.724 | H17: 45658.5 | I17: =F149 -> 40871.764
A18: 45662.045 | B18: 24443 | C18: 24384 | D18: 23982 | E18: =(B18/$B$2)*$B$3 -> 35792.507 | H18: 45658.542 | I18: =F161 -> 42057.501
A19: 45662.049 | B19: 24385 | C19: 24255 | D19: 23982 | E19: =(B19/$B$2)*$B$3 -> 35707.576 | H19: 45658.583 | I19: =F173 -> 42609.308
A20: 45662.052 | B20: 24099 | C20: 24085 | D20: 23777 | E20: =(B20/$B$2)*$B$3 -> 35288.779 | H20: 45658.625 | I20: =F185 -> 41810.884
A21: 45662.056 | B21: 23923 | C21: 23900 | D21: 23777 | E21: =(B21/$B$2)*$B$3 -> 35031.058 | H21: 45658.667 | I21: =F197 -> 41618.448
A22: 45662.059 | B22: 23882 | C22: 23725 | D22: 23777 | E22: =(B22/$B$2)*$B$3 -> 34971.02 | H22: 45658.708 | I22: =F209 -> 41893.253
A23: 45662.062 | B23: 23479 | C23: 23559 | D23: 23109 | E23: =(B23/$B$2)*$B$3 -> 34380.897 | H23: 45658.75 | I23: =F221 -> 43390.159
A24: 45662.066 | B24: 23340 | C24: 23398 | D24: 23109 | E24: =(B24/$B$2)*$B$3 -> 34177.356 | H24: 45658.792 | I24: =F233 -> 43761.61
A25: 45662.069 | B25: 23328 | C25: 23238 | D25: 23109 | E25: =(B25/$B$2)*$B$3 -> 34159.784 | H25: 45658.833 | I25: =F245 -> 44708.052
A26: 45662.073 | B26: 23143 | C26: 23078 | D26: 22911 | E26: =(B26/$B$2)*$B$3 -> 33888.884 | H26: 45658.875 | I26: =F257 -> 45047.654
A27: 45662.076 | B27: 22948 | C27: 22925 | D27: 22911 | E27: =(B27/$B$2)*$B$3 -> 33603.34 | H27: 45658.917 | I27: =F269 -> 42770.994
A28: 45662.08 | B28: 22719 | C28: 22784 | D28: 22911 | E28: =(B28/$B$2)*$B$3 -> 33268.01 | H28: 45658.958 | I28: =F281 -> 39551.796
A29: 45662.083 | B29: 22723 | C29: 22577 | D29: 22382 | E29: =(B29/$B$2)*$B$3 -> 33273.867 | F29: =SUM(E29:E40)/12 -> 32328.645
A30: 45662.087 | B30: 22495 | C30: 22457 | D30: 22382 | E30: =(B30/$B$2)*$B$3 -> 32940.001
A31: 45662.09 | B31: 22479 | C31: 22343 | D31: 22382 | E31: =(B31/$B$2)*$B$3 -> 32916.572
A32: 45662.094 | B32: 22286 | C32: 22234 | D32: 22178 | E32: =(B32/$B$2)*$B$3 -> 32633.957
A33: 45662.097 | B33: 21970 | C33: 22133 | D33: 22178 | E33: =(B33/$B$2)*$B$3 -> 32171.23
A34: 45662.101 | B34: 22157 | C34: 22046 | D34: 22178 | E34: =(B34/$B$2)*$B$3 -> 32445.059
A35: 45662.104 | B35: 22116 | C35: 21973 | D35: 21979 | E35: =(B35/$B$2)*$B$3 -> 32385.022
A36: 45662.108 | B36: 22032 | C36: 21892 | D36: 21979 | E36: =(B36/$B$2)*$B$3 -> 32262.018
A37: 45662.111 | B37: 21921 | C37: 21782 | D37: 21979 | E37: =(B37/$B$2)*$B$3 -> 32099.478
A38: 45662.115 | B38: 21619 | C38: 21645 | D38: 21374 | E38: =(B38/$B$2)*$B$3 -> 31657.252
A39: 45662.118 | B39: 21481 | C39: 21512 | D39: 21374 | E39: =(B39/$B$2)*$B$3 -> 31455.175
A40: 45662.122 | B40: 21651 | C40: 21417 | D40: 21374 | E40: =(B40/$B$2)*$B$3 -> 31704.11
A41: 45662.125 | B41: 21433 | C41: 21301 | D41: 20913 | E41: =(B41/$B$2)*$B$3 -> 31384.887 | F41: =SUM(E41:E52)/12 -> 30755.959
A42: 45662.128 | B42: 21341 | C42: 21257 | D42: 20913 | E42: =(B42/$B$2)*$B$3 -> 31250.169
A43: 45662.132 | B43: 21344 | C43: 21204 | D43: 20913 | E43: =(B43/$B$2)*$B$3 -> 31254.562
A44: 45662.135 | B44: 21225 | C44: 21142 | D44: 20813 | E44: =(B44/$B$2)*$B$3 -> 31080.308
A45: 45662.139 | B45: 21100 | C45: 21061 | D45: 20813 | E45: =(B45/$B$2)*$B$3 -> 30897.267
A46: 45662.142 | B46: 21004 | C46: 20951 | D46: 20813 | E46: =(B46/$B$2)*$B$3 -> 30756.692
A47: 45662.146 | B47: 20829 | C47: 20812 | D47: 20719 | E47: =(B47/$B$2)*$B$3 -> 30500.435
A48: 45662.149 | B48: 20770 | C48: 20695 | D48: 20719 | E48: =(B48/$B$2)*$B$3 -> 30414.039
A49: 45662.153 | B49: 20652 | C49: 20652 | D49: 20719 | E49: =(B49/$B$2)*$B$3 -> 30241.249
A50: 45662.156 | B50: 20725 | C50: 20684 | D50: 20720 | E50: =(B50/$B$2)*$B$3 -> 30348.145
A51: 45662.16 | B51: 20799 | C51: 20739 | D51: 20720 | E51: =(B51/$B$2)*$B$3 -> 30456.505
A52: 45662.163 | B52: 20820 | C52: 20771 | D52: 20720 | E52: =(B52/$B$2)*$B$3 -> 30487.256
A53: 45662.167 | B53: 20807 | C53: 20747 | D53: 20684 | E53: =(B53/$B$2)*$B$3 -> 30468.22 | F53: =SUM(E53:E64)/12 -> 30186.703
A54: 45662.17 | B54: 20798 | C54: 20724 | D54: 20684 | E54: =(B54/$B$2)*$B$3 -> 30455.041
A55: 45662.174 | B55: 20616 | C55: 20667 | D55: 20684 | E55: =(B55/$B$2)*$B$3 -> 30188.533
A56: 45662.177 | B56: 20704 | C56: 20577 | D56: 20480 | E56: =(B56/$B$2)*$B$3 -> 30317.394
A57: 45662.181 | B57: 20566 | C57: 20499 | D57: 20480 | E57: =(B57/$B$2)*$B$3 -> 30115.317
A58: 45662.184 | B58: 20487 | C58: 20479 | D58: 20480 | E58: =(B58/$B$2)*$B$3 -> 29999.635
A59: 45662.188 | B59: 20773 | C59: 20518 | D59: 20182 | E59: =(B59/$B$2)*$B$3 -> 30418.432
A60: 45662.191 | B60: 20646 | C60: 20565 | D60: 20182 | E60: =(B60/$B$2)*$B$3 -> 30232.463
A61: 45662.194 | B61: 20472 | C61: 20573 | D61: 20182 | E61: =(B61/$B$2)*$B$3 -> 29977.67
A62: 45662.198 | B62: 20608 | C62: 20540 | D62: 20085 | E62: =(B62/$B$2)*$B$3 -> 30176.819
A63: 45662.201 | B63: 20482 | C63: 20492 | D63: 20085 | E63: =(B63/$B$2)*$B$3 -> 29992.314
A64: 45662.205 | B64: 20418 | C64: 20451 | D64: 20085 | E64: =(B64/$B$2)*$B$3 -> 29898.597
A65: 45662.208 | B65: 20369 | C65: 20404 | D65: 20087 | E65: =(B65/$B$2)*$B$3 -> 29826.845 | F65: =SUM(E65:E76)/12 -> 30030.508
A66: 45662.212 | B66: 20385 | C66: 20395 | D66: 20087 | E66: =(B66/$B$2)*$B$3 -> 29850.274
A67: 45662.215 | B67: 20495 | C67: 20426 | D67: 20087 | E67: =(B67/$B$2)*$B$3 -> 30011.35
A68: 45662.219 | B68: 20421 | C68: 20498 | D68: 20083 | E68: =(B68/$B$2)*$B$3 -> 29902.99
A69: 45662.222 | B69: 20414 | C69: 20564 | D69: 20083 | E69: =(B69/$B$2)*$B$3 -> 29892.74
A70: 45662.226 | B70: 20530 | C70: 20581 | D70: 20083 | E70: =(B70/$B$2)*$B$3 -> 30062.601
A71: 45662.229 | B71: 20509 | C71: 20546 | D71: 20184 | E71: =(B71/$B$2)*$B$3 -> 30031.851
A72: 45662.233 | B72: 20582 | C72: 20511 | D72: 20184 | E72: =(B72/$B$2)*$B$3 -> 30138.746
A73: 45662.236 | B73: 20439 | C73: 20525 | D73: 20184 | E73: =(B73/$B$2)*$B$3 -> 29929.348
A74: 45662.24 | B74: 20530 | C74: 20587 | D74: 20379 | E74: =(B74/$B$2)*$B$3 -> 30062.601
A75: 45662.243 | B75: 20679 | C75: 20681 | D75: 20379 | E75: =(B75/$B$2)*$B$3 -> 30280.786
A76: 45662.247 | B76: 20744 | C76: 20790 | D76: 20379 | E76: =(B76/$B$2)*$B$3 -> 30375.967
A77: 45662.25 | B77: 20516 | C77: 20914 | D77: 20518 | E77: =(B77/$B$2)*$B$3 -> 30042.101 | F77: =SUM(E77:E88)/12 -> 30869.079
A78: 45662.253 | B78: 20715 | C78: 20995 | D78: 20518 | E78: =(B78/$B$2)*$B$3 -> 30333.502
A79: 45662.257 | B79: 21122 | C79: 20975 | D79: 20518 | E79: =(B79/$B$2)*$B$3 -> 30929.482
A80: 45662.26 | B80: 21157 | C80: 20855 | D80: 20717 | E80: =(B80/$B$2)*$B$3 -> 30980.733
A81: 45662.264 | B81: 20919 | C81: 20752 | D81: 20717 | E81: =(B81/$B$2)*$B$3 -> 30632.224
A82: 45662.267 | B82: 20784 | C82: 20785 | D82: 20717 | E82: =(B82/$B$2)*$B$3 -> 30434.54
A83: 45662.271 | B83: 20938 | C83: 20953 | D83: 21022 | E83: =(B83/$B$2)*$B$3 -> 30660.046
A84: 45662.274 | B84: 21317 | C84: 21145 | D84: 21022 | E84: =(B84/$B$2)*$B$3 -> 31215.025
A85: 45662.278 | B85: 21359 | C85: 21248 | D85: 21022 | E85: =(B85/$B$2)*$B$3 -> 31276.527
A86: 45662.281 | B86: 21288 | C86: 21262 | D86: 21122 | E86: =(B86/$B$2)*$B$3 -> 31172.56
A87: 45662.285 | B87: 21433 | C87: 21262 | D87: 21122 | E87: =(B87/$B$2)*$B$3 -> 31384.887
A88: 45662.288 | B88: 21421 | C88: 21325 | D88: 21122 | E88: =(B88/$B$2)*$B$3 -> 31367.315
A89: 45662.292 | B89: 21541 | C89: 21475 | D89: 21603 | E89: =(B89/$B$2)*$B$3 -> 31543.034 | F89: =SUM(E89:E100)/12 -> 32280.322
A90: 45662.295 | B90: 21643 | C90: 21616 | D90: 21603 | E90: =(B90/$B$2)*$B$3 -> 31692.396
A91: 45662.299 | B91: 21789 | C91: 21726 | D91: 21603 | E91: =(B91/$B$2)*$B$3 -> 31906.187
A92: 45662.302 | B92: 21875 | C92: 21805 | D92: 21904 | E92: =(B92/$B$2)*$B$3 -> 32032.119
A93: 45662.306 | B93: 21919 | C93: 21879 | D93: 21904 | E93: =(B93/$B$2)*$B$3 -> 32096.549
A94: 45662.309 | B94: 21928 | C94: 21973 | D94: 21904 | E94: =(B94/$B$2)*$B$3 -> 32109.728
A95: 45662.312 | B95: 21928 | C95: 22088 | D95: 22298 | E95: =(B95/$B$2)*$B$3 -> 32109.728
A96: 45662.316 | B96: 22139 | C96: 22199 | D96: 22298 | E96: =(B96/$B$2)*$B$3 -> 32418.701
A97: 45662.319 | B97: 22327 | C97: 22282 | D97: 22298 | E97: =(B97/$B$2)*$B$3 -> 32693.994
A98: 45662.323 | B98: 22406 | C98: 22338 | D98: 22401 | E98: =(B98/$B$2)*$B$3 -> 32809.676
A99: 45662.326 | B99: 22493 | C99: 22409 | D99: 22401 | E99: =(B99/$B$2)*$B$3 -> 32937.072
A100: 45662.33 | B100: 22546 | C100: 22538 | D100: 22401 | E100: =(B100/$B$2)*$B$3 -> 33014.681
...

Sheet 2025-01-06
A1: Seguimiento de la demanda de energía eléctrica (MW)
A2: Demanda anual 2024 (GWh) | B2: 241811000
A3: Demanda anual 2040 (GWh) | B3: =354.09*10^6 -> 354090000
A4: Hora | B4: Real | C4: Prevista | D4: Programada | E4: Real 2040 MW | F4: Real 2040 cada h | H4: Fecha | I4: DEMANDA REAL 2040
A5: 45663 | B5: 25821 | C5: 26165 | D5: 25199 | E5: =(B5/$B$2)*$B$3 -> 37810.347 | F5: =SUM(E5:E16)/12 -> 36219.602 | H5: 45658 | I5: =F5 -> 36219.602
A6: 45663.003 | B6: 25554 | C6: 25926 | D6: 25199 | E6: =(B6/$B$2)*$B$3 -> 37419.372 | H6: 45658.042 | I6: =F17 -> 33268.132
A7: 45663.007 | B7: 25353 | C7: 25770 | D7: 25199 | E7: =(B7/$B$2)*$B$3 -> 37125.043 | H7: 45658.083 | I7: =F29 -> 30961.819
A8: 45663.01 | B8: 25169 | C8: 25699 | D8: 24888 | E8: =(B8/$B$2)*$B$3 -> 36855.607 | H8: 45658.125 | I8: =F41 -> 29575.835
A9: 45663.014 | B9: 25100 | C9: 25663 | D9: 24888 | E9: =(B9/$B$2)*$B$3 -> 36754.569 | H9: 45658.167 | I9: =F53 -> 28907.981
A10: 45663.017 | B10: 24773 | C10: 25615 | D10: 24888 | E10: =(B10/$B$2)*$B$3 -> 36275.734 | H10: 45658.208 | I10: =F65 -> 29049.044
A11: 45663.021 | B11: 24558 | C11: 25554 | D11: 24712 | E11: =(B11/$B$2)*$B$3 -> 35960.904 | H11: 45658.25 | I11: =F77 -> 29901.159
A12: 45663.024 | B12: 24377 | C12: 25515 | D12: 24712 | E12: =(B12/$B$2)*$B$3 -> 35695.861 | H12: 45658.292 | I12: =F89 -> 31238.943
A13: 45663.028 | B13: 24242 | C13: 25534 | D13: 24712 | E13: =(B13/$B$2)*$B$3 -> 35498.177 | H13: 45658.333 | I13: =F101 -> 32818.34
A14: 45663.031 | B14: 24261 | C14: 25608 | D14: 23880 | E14: =(B14/$B$2)*$B$3 -> 35526 | H14: 45658.375 | I14: =F113 -> 35466.938
A15: 45663.035 | B15: 23919 | C15: 25617 | D15: 23880 | E15: =(B15/$B$2)*$B$3 -> 35025.2 | H15: 45658.417 | I15: =F125 -> 37671.358
A16: 45663.038 | B16: 23689 | C16: 25436 | D16: 23880 | E16: =(B16/$B$2)*$B$3 -> 34688.405 | H16: 45658.458 | I16: =F137 -> 38726.771
A17: 45663.042 | B17: 23465 | C17: 25003 | D17: 23295 | E17: =(B17/$B$2)*$B$3 -> 34360.397 | F17: =SUM(E17:E28)/12 -> 33268.132 | H17: 45658.5 | I17: =F149 -> 38751.787
A18: 45663.045 | B18: 23307 | C18: 24608 | D18: 23295 | E18: =(B18/$B$2)*$B$3 -> 34129.033 | H18: 45658.542 | I18: =F161 -> 39212.805
A19: 45663.049 | B19: 23329 | C19: 24352 | D19: 23295 | E19: =(B19/$B$2)*$B$3 -> 34161.248 | H19: 45658.583 | I19: =F173 -> 38616.825
A20: 45663.052 | B20: 23134 | C20: 24234 | D20: 22909 | E20: =(B20/$B$2)*$B$3 -> 33875.705 | H20: 45658.625 | I20: =F185 -> 37059.636
A21: 45663.056 | B21: 22908 | C21: 24160 | D21: 22909 | E21: =(B21/$B$2)*$B$3 -> 33544.767 | H21: 45658.667 | I21: =F197 -> 36801.549
A22: 45663.059 | B22: 22867 | C22: 24036 | D22: 22909 | E22: =(B22/$B$2)*$B$3 -> 33484.73 | H22: 45658.708 | I22: =F209 -> 38101.138
A23: 45663.062 | B23: 22775 | C23: 23863 | D23: 22544 | E23: =(B23/$B$2)*$B$3 -> 33350.012 | H23: 45658.75 | I23: =F221 -> 41555.97
A24: 45663.066 | B24: 22512 | C24: 23705 | D24: 22544 | E24: =(B24/$B$2)*$B$3 -> 32964.894 | H24: 45658.792 | I24: =F233 -> 43596.873
A25: 45663.069 | B25: 22171 | C25: 23625 | D25: 22544 | E25: =(B25/$B$2)*$B$3 -> 32465.559 | H25: 45658.833 | I25: =F245 -> 45171.999
A26: 45663.073 | B26: 22246 | C26: 23624 | D26: 22238 | E26: =(B26/$B$2)*$B$3 -> 32575.384 | H26: 45658.875 | I26: =F257 -> 45455.102
A27: 45663.076 | B27: 21974 | C27: 23540 | D27: 22238 | E27: =(B27/$B$2)*$B$3 -> 32177.087 | H27: 45658.917 | I27: =F269 -> 43418.958
A28: 45663.08 | B28: 21941 | C28: 23212 | D28: 22238 | E28: =(B28/$B$2)*$B$3 -> 32128.765 | H28: 45658.958 | I28: =F281 -> 39461.862
A29: 45663.083 | B29: 21764 | C29: 22579 | D29: 21458 | E29: =(B29/$B$2)*$B$3 -> 31869.579 | F29: =SUM(E29:E40)/12 -> 30961.819
A30: 45663.087 | B30: 21708 | C30: 22006 | D30: 21458 | E30: =(B30/$B$2)*$B$3 -> 31787.577
A31: 45663.09 | B31: 21592 | C31: 21678 | D31: 21458 | E31: =(B31/$B$2)*$B$3 -> 31617.715
A32: 45663.094 | B32: 21622 | C32: 21595 | D32: 21256 | E32: =(B32/$B$2)*$B$3 -> 31661.645
A33: 45663.097 | B33: 21305 | C33: 21607 | D33: 21256 | E33: =(B33/$B$2)*$B$3 -> 31197.454
A34: 45663.101 | B34: 21170 | C34: 21565 | D34: 21256 | E34: =(B34/$B$2)*$B$3 -> 30999.77
A35: 45663.104 | B35: 21170 | C35: 21467 | D35: 21054 | E35: =(B35/$B$2)*$B$3 -> 30999.77
A36: 45663.108 | B36: 20994 | C36: 21365 | D36: 21054 | E36: =(B36/$B$2)*$B$3 -> 30742.048
A37: 45663.111 | B37: 20803 | C37: 21308 | D37: 21054 | E37: =(B37/$B$2)*$B$3 -> 30462.362
A38: 45663.115 | B38: 20694 | C38: 21295 | D38: 20747 | E38: =(B38/$B$2)*$B$3 -> 30302.751
A39: 45663.118 | B39: 20435 | C39: 21268 | D39: 20747 | E39: =(B39/$B$2)*$B$3 -> 29923.49
A40: 45663.122 | B40: 20472 | C40: 21167 | D40: 20747 | E40: =(B40/$B$2)*$B$3 -> 29977.67
A41: 45663.125 | B41: 20604 | C41: 20908 | D41: 20381 | E41: =(B41/$B$2)*$B$3 -> 30170.961 | F41: =SUM(E41:E52)/12 -> 29575.835
A42: 45663.128 | B42: 20541 | C42: 20735 | D42: 20381 | E42: =(B42/$B$2)*$B$3 -> 30078.709
A43: 45663.132 | B43: 20624 | C43: 20634 | D43: 20381 | E43: =(B43/$B$2)*$B$3 -> 30200.248
A44: 45663.135 | B44: 20340 | C44: 20606 | D44: 20281 | E44: =(B44/$B$2)*$B$3 -> 29784.38
A45: 45663.139 | B45: 20302 | C45: 20601 | D45: 20281 | E45: =(B45/$B$2)*$B$3 -> 29728.735
A46: 45663.142 | B46: 20115 | C46: 20568 | D46: 20281 | E46: =(B46/$B$2)*$B$3 -> 29454.906
A47: 45663.146 | B47: 20108 | C47: 20506 | D47: 20232 | E47: =(B47/$B$2)*$B$3 -> 29444.656
A48: 45663.149 | B48: 19801 | C48: 20458 | D48: 20232 | E48: =(B48/$B$2)*$B$3 -> 28995.108
A49: 45663.153 | B49: 19871 | C49: 20466 | D49: 20232 | E49: =(B49/$B$2)*$B$3 -> 29097.611
A50: 45663.156 | B50: 20001 | C50: 20529 | D50: 20032 | E50: =(B50/$B$2)*$B$3 -> 29287.973
A51: 45663.16 | B51: 20046 | C51: 20531 | D51: 20032 | E51: =(B51/$B$2)*$B$3 -> 29353.868
A52: 45663.163 | B52: 20018 | C52: 20356 | D52: 20032 | E52: =(B52/$B$2)*$B$3 -> 29312.867
A53: 45663.167 | B53: 19815 | C53: 19976 | D53: 19847 | E53: =(B53/$B$2)*$B$3 -> 29015.609 | F53: =SUM(E53:E64)/12 -> 28907.981
A54: 45663.17 | B54: 19859 | C54: 19628 | D54: 19847 | E54: =(B54/$B$2)*$B$3 -> 29080.039
A55: 45663.174 | B55: 19837 | C55: 19462 | D55: 19847 | E55: =(B55/$B$2)*$B$3 -> 29047.824
A56: 45663.177 | B56: 19762 | C56: 19479 | D56: 19746 | E56: =(B56/$B$2)*$B$3 -> 28937.999
A57: 45663.181 | B57: 19788 | C57: 19563 | D57: 19746 | E57: =(B57/$B$2)*$B$3 -> 28976.072
A58: 45663.184 | B58: 19728 | C58: 19598 | D58: 19746 | E58: =(B58/$B$2)*$B$3 -> 28888.212
A59: 45663.188 | B59: 19832 | C59: 19586 | D59: 19746 | E59: =(B59/$B$2)*$B$3 -> 29040.502
A60: 45663.191 | B60: 19650 | C60: 19562 | D60: 19746 | E60: =(B60/$B$2)*$B$3 -> 28773.995
A61: 45663.194 | B61: 19689 | C61: 19561 | D61: 19746 | E61: =(B61/$B$2)*$B$3 -> 28831.104
A62: 45663.198 | B62: 19602 | C62: 19584 | D62: 19747 | E62: =(B62/$B$2)*$B$3 -> 28703.707
A63: 45663.201 | B63: 19580 | C63: 19605 | D63: 19747 | E63: =(B63/$B$2)*$B$3 -> 28671.492
A64: 45663.205 | B64: 19756 | C64: 19596 | D64: 19747 | E64: =(B64/$B$2)*$B$3 -> 28929.213
A65: 45663.208 | B65: 19679 | C65: 19546 | D65: 19657 | E65: =(B65/$B$2)*$B$3 -> 28816.46 | F65: =SUM(E65:E76)/12 -> 29049.044
A66: 45663.212 | B66: 19817 | C66: 19512 | D66: 19657 | E66: =(B66/$B$2)*$B$3 -> 29018.537
A67: 45663.215 | B67: 19779 | C67: 19512 | D67: 19657 | E67: =(B67/$B$2)*$B$3 -> 28962.893
A68: 45663.219 | B68: 19727 | C68: 19547 | D68: 19959 | E68: =(B68/$B$2)*$B$3 -> 28886.748
A69: 45663.222 | B69: 19686 | C69: 19598 | D69: 19959 | E69: =(B69/$B$2)*$B$3 -> 28826.711
A70: 45663.226 | B70: 19802 | C70: 19648 | D70: 19959 | E70: =(B70/$B$2)*$B$3 -> 28996.572
A71: 45663.229 | B71: 19891 | C71: 19695 | D71: 19879 | E71: =(B71/$B$2)*$B$3 -> 29126.897
A72: 45663.233 | B72: 20074 | C72: 19745 | D72: 19879 | E72: =(B72/$B$2)*$B$3 -> 29394.869
A73: 45663.236 | B73: 20016 | C73: 19801 | D73: 19879 | E73: =(B73/$B$2)*$B$3 -> 29309.938
A74: 45663.24 | B74: 19795 | C74: 19864 | D74: 19881 | E74: =(B74/$B$2)*$B$3 -> 28986.322
A75: 45663.243 | B75: 19889 | C75: 19930 | D75: 19881 | E75: =(B75/$B$2)*$B$3 -> 29123.969
A76: 45663.247 | B76: 19899 | C76: 19997 | D76: 19881 | E76: =(B76/$B$2)*$B$3 -> 29138.612
A77: 45663.25 | B77: 19965 | C77: 20071 | D77: 20252 | E77: =(B77/$B$2)*$B$3 -> 29235.257 | F77: =SUM(E77:E88)/12 -> 29901.159
A78: 45663.253 | B78: 20042 | C78: 20138 | D78: 20252 | E78: =(B78/$B$2)*$B$3 -> 29348.011
A79: 45663.257 | B79: 20150 | C79: 20203 | D79: 20252 | E79: =(B79/$B$2)*$B$3 -> 29506.158
A80: 45663.26 | B80: 20267 | C80: 20267 | D80: 20567 | E80: =(B80/$B$2)*$B$3 -> 29677.484
A81: 45663.264 | B81: 20328 | C81: 20333 | D81: 20567 | E81: =(B81/$B$2)*$B$3 -> 29766.808
A82: 45663.267 | B82: 20308 | C82: 20402 | D82: 20567 | E82: =(B82/$B$2)*$B$3 -> 29737.521
A83: 45663.271 | B83: 20487 | C83: 20477 | D83: 20561 | E83: =(B83/$B$2)*$B$3 -> 29999.635
A84: 45663.274 | B84: 20600 | C84: 20543 | D84: 20561 | E84: =(B84/$B$2)*$B$3 -> 30165.104
A85: 45663.278 | B85: 20684 | C85: 20588 | D85: 20561 | E85: =(B85/$B$2)*$B$3 -> 30288.107
A86: 45663.281 | B86: 20756 | C86: 20611 | D86: 20995 | E86: =(B86/$B$2)*$B$3 -> 30393.539
A87: 45663.285 | B87: 20634 | C87: 20657 | D87: 20995 | E87: =(B87/$B$2)*$B$3 -> 30214.891
A88: 45663.288 | B88: 20816 | C88: 20768 | D88: 20995 | E88: =(B88/$B$2)*$B$3 -> 30481.398
A89: 45663.292 | B89: 20724 | C89: 20977 | D89: 21373 | E89: =(B89/$B$2)*$B$3 -> 30346.681 | F89: =SUM(E89:E100)/12 -> 31238.943
A90: 45663.295 | B90: 20970 | C90: 21150 | D90: 21373 | E90: =(B90/$B$2)*$B$3 -> 30706.905
A91: 45663.299 | B91: 21173 | C91: 21248 | D91: 21373 | E91: =(B91/$B$2)*$B$3 -> 31004.163
A92: 45663.302 | B92: 21233 | C92: 21271 | D92: 21764 | E92: =(B92/$B$2)*$B$3 -> 31092.022
A93: 45663.306 | B93: 21242 | C93: 21269 | D93: 21764 | E93: =(B93/$B$2)*$B$3 -> 31105.201
A94: 45663.309 | B94: 21350 | C94: 21290 | D94: 21764 | E94: =(B94/$B$2)*$B$3 -> 31263.348
A95: 45663.312 | B95: 21401 | C95: 21335 | D95: 21770 | E95: =(B95/$B$2)*$B$3 -> 31338.029
A96: 45663.316 | B96: 21433 | C96: 21369 | D96: 21770 | E96: =(B96/$B$2)*$B$3 -> 31384.887
A97: 45663.319 | B97: 21461 | C97: 21362 | D97: 21770 | E97: =(B97/$B$2)*$B$3 -> 31425.888
A98: 45663.323 | B98: 21577 | C98: 21311 | D98: 21864 | E98: =(B98/$B$2)*$B$3 -> 31595.75
A99: 45663.326 | B99: 21708 | C99: 21310 | D99: 21864 | E99: =(B99/$B$2)*$B$3 -> 31787.577
A100: 45663.33 | B100: 21728 | C100: 21449 | D100: 21864 | E100: =(B100/$B$2)*$B$3 -> 31816.863
...

Sheet 2025-01-07
A1: Seguimiento de la demanda de energía eléctrica (MW)
A2: Demanda anual 2024 (GWh) | B2: 241811000
A3: Demanda anual 2040 (GWh) | B3: =354.09*10^6 -> 354090000
A4: Hora | B4: Real | C4: Prevista | D4: Programada | E4: Real 2040 MW | F4: Real 2040 cada h | H4: Fecha | I4: DEMANDA REAL 2040
A5: 45664 | B5: 25503 | C5: 25639 | D5: 24947 | E5: =(B5/$B$2)*$B$3 -> 37344.692 | F5: =SUM(E5:E16)/12 -> 36097.331 | H5: 45658 | I5: =F5 -> 36097.331
A6: 45664.003 | B6: 25310 | C6: 25118 | D6: 24947 | E6: =(B6/$B$2)*$B$3 -> 37062.077 | H6: 45658.042 | I6: =F17 -> 33390.769
A7: 45664.007 | B7: 25304 | C7: 24744 | D7: 24947 | E7: =(B7/$B$2)*$B$3 -> 37053.291 | H7: 45658.083 | I7: =F29 -> 31733.275
A8: 45664.01 | B8: 25167 | C8: 24515 | D8: 24647 | E8: =(B8/$B$2)*$B$3 -> 36852.678 | H8: 45658.125 | I8: =F41 -> 31123.627
A9: 45664.014 | B9: 24652 | C9: 24348 | D9: 24647 | E9: =(B9/$B$2)*$B$3 -> 36098.551 | H9: 45658.167 | I9: =F53 -> 31285.923
A10: 45664.017 | B10: 24841 | C10: 24159 | D10: 24647 | E10: =(B10/$B$2)*$B$3 -> 36375.308 | H10: 45658.208 | I10: =F65 -> 32448.598
A11: 45664.021 | B11: 24639 | C11: 23947 | D11: 23948 | E11: =(B11/$B$2)*$B$3 -> 36079.515 | H11: 45658.25 | I11: =F77 -> 37355.308
A12: 45664.024 | B12: 24285 | C12: 23739 | D12: 23948 | E12: =(B12/$B$2)*$B$3 -> 35561.143 | H12: 45658.292 | I12: =F89 -> 43789.92
A13: 45664.028 | B13: 24108 | C13: 23564 | D13: 23948 | E13: =(B13/$B$2)*$B$3 -> 35301.958 | H13: 45658.333 | I13: =F101 -> 49300.665
A14: 45664.031 | B14: 24149 | C14: 23422 | D14: 23545 | E14: =(B14/$B$2)*$B$3 -> 35361.995 | H14: 45658.375 | I14: =F113 -> 51292.88
A15: 45664.035 | B15: 23933 | C15: 23281 | D15: 23545 | E15: =(B15/$B$2)*$B$3 -> 35045.701 | H15: 45658.417 | I15: =F125 -> 51119.845
A16: 45664.038 | B16: 23923 | C16: 23109 | D16: 23545 | E16: =(B16/$B$2)*$B$3 -> 35031.058 | H16: 45658.458 | I16: =F137 -> 49963.76
A17: 45664.042 | B17: 23571 | C17: 22794 | D17: 23289 | E17: =(B17/$B$2)*$B$3 -> 34515.615 | F17: =SUM(E17:E28)/12 -> 33390.769 | H17: 45658.5 | I17: =F149 -> 48926.286
A18: 45664.045 | B18: 23569 | C18: 22596 | D18: 23289 | E18: =(B18/$B$2)*$B$3 -> 34512.686 | H18: 45658.542 | I18: =F161 -> 49335.809
A19: 45664.049 | B19: 23360 | C19: 22435 | D19: 23289 | E19: =(B19/$B$2)*$B$3 -> 34206.642 | H19: 45658.583 | I19: =F173 -> 49598.167
A20: 45664.052 | B20: 23110 | C20: 22311 | D20: 22890 | E20: =(B20/$B$2)*$B$3 -> 33840.561 | H20: 45658.625 | I20: =F185 -> 49494.322
A21: 45664.056 | B21: 22995 | C21: 22208 | D21: 22890 | E21: =(B21/$B$2)*$B$3 -> 33672.164 | H21: 45658.667 | I21: =F197 -> 49968.763
A22: 45664.059 | B22: 22808 | C22: 22109 | D22: 22890 | E22: =(B22/$B$2)*$B$3 -> 33398.335 | H22: 45658.708 | I22: =F209 -> 51621.377
A23: 45664.062 | B23: 22643 | C23: 22014 | D23: 22533 | E23: =(B23/$B$2)*$B$3 -> 33156.721 | H23: 45658.75 | I23: =F221 -> 54613.97
A24: 45664.066 | B24: 22475 | C24: 21913 | D24: 22533 | E24: =(B24/$B$2)*$B$3 -> 32910.714 | H24: 45658.792 | I24: =F233 -> 56245.35
A25: 45664.069 | B25: 22465 | C25: 21796 | D25: 22533 | E25: =(B25/$B$2)*$B$3 -> 32896.071 | H25: 45658.833 | I25: =F245 -> 57703.086
A26: 45664.073 | B26: 22325 | C26: 21663 | D26: 21967 | E26: =(B26/$B$2)*$B$3 -> 32691.066 | H26: 45658.875 | I26: =F257 -> 56430.466
A27: 45664.076 | B27: 22210 | C27: 21568 | D27: 21967 | E27: =(B27/$B$2)*$B$3 -> 32522.668 | H27: 45658.917 | I27: =F269 -> 50537.044
A28: 45664.08 | B28: 22103 | C28: 21566 | D28: 21967 | E28: =(B28/$B$2)*$B$3 -> 32365.985 | H28: 45658.958 | I28: =F281 -> 44561.864
A29: 45664.083 | B29: 22185 | C29: 21573 | D29: 21926 | E29: =(B29/$B$2)*$B$3 -> 32486.06 | F29: =SUM(E29:E40)/12 -> 31733.275
A30: 45664.087 | B30: 22087 | C30: 21667 | D30: 21926 | E30: =(B30/$B$2)*$B$3 -> 32342.556
A31: 45664.09 | B31: 21852 | C31: 21673 | D31: 21926 | E31: =(B31/$B$2)*$B$3 -> 31998.44
A32: 45664.094 | B32: 21778 | C32: 21593 | D32: 21605 | E32: =(B32/$B$2)*$B$3 -> 31890.08
A33: 45664.097 | B33: 21627 | C33: 21483 | D33: 21605 | E33: =(B33/$B$2)*$B$3 -> 31668.966
A34: 45664.101 | B34: 21684 | C34: 21401 | D34: 21605 | E34: =(B34/$B$2)*$B$3 -> 31752.433
A35: 45664.104 | B35: 21523 | C35: 21348 | D35: 21506 | E35: =(B35/$B$2)*$B$3 -> 31516.677
A36: 45664.108 | B36: 21588 | C36: 21302 | D36: 21506 | E36: =(B36/$B$2)*$B$3 -> 31611.858
A37: 45664.111 | B37: 21646 | C37: 21243 | D37: 21506 | E37: =(B37/$B$2)*$B$3 -> 31696.789
A38: 45664.115 | B38: 21390 | C38: 21170 | D38: 21200 | E38: =(B38/$B$2)*$B$3 -> 31321.921
A39: 45664.118 | B39: 21340 | C39: 21110 | D39: 21200 | E39: =(B39/$B$2)*$B$3 -> 31248.705
A40: 45664.122 | B40: 21351 | C40: 21088 | D40: 21200 | E40: =(B40/$B$2)*$B$3 -> 31264.813
A41: 45664.125 | B41: 21463 | C41: 21068 | D41: 21359 | E41: =(B41/$B$2)*$B$3 -> 31428.817 | F41: =SUM(E41:E52)/12 -> 31123.627
A42: 45664.128 | B42: 21372 | C42: 21087 | D42: 21359 | E42: =(B42/$B$2)*$B$3 -> 31295.563
A43: 45664.132 | B43: 21301 | C43: 21076 | D43: 21359 | E43: =(B43/$B$2)*$B$3 -> 31191.596
A44: 45664.135 | B44: 21329 | C44: 21034 | D44: 21163 | E44: =(B44/$B$2)*$B$3 -> 31232.597
A45: 45664.139 | B45: 21065 | C45: 20982 | D45: 21163 | E45: =(B45/$B$2)*$B$3 -> 30846.015
A46: 45664.142 | B46: 21081 | C46: 20942 | D46: 21163 | E46: =(B46/$B$2)*$B$3 -> 30869.445
A47: 45664.146 | B47: 21280 | C47: 20914 | D47: 21264 | E47: =(B47/$B$2)*$B$3 -> 31160.845
A48: 45664.149 | B48: 21209 | C48: 20896 | D48: 21264 | E48: =(B48/$B$2)*$B$3 -> 31056.878
A49: 45664.153 | B49: 21432 | C49: 20891 | D49: 21264 | E49: =(B49/$B$2)*$B$3 -> 31383.423
A50: 45664.156 | B50: 21277 | C50: 20897 | D50: 21163 | E50: =(B50/$B$2)*$B$3 -> 31156.452
A51: 45664.16 | B51: 21014 | C51: 20893 | D51: 21163 | E51: =(B51/$B$2)*$B$3 -> 30771.335
A52: 45664.163 | B52: 21232 | C52: 20857 | D52: 21163 | E52: =(B52/$B$2)*$B$3 -> 31090.558
A53: 45664.167 | B53: 21227 | C53: 20772 | D53: 21250 | E53: =(B53/$B$2)*$B$3 -> 31083.236 | F53: =SUM(E53:E64)/12 -> 31285.923
A54: 45664.17 | B54: 21394 | C54: 20708 | D54: 21250 | E54: =(B54/$B$2)*$B$3 -> 31327.779
A55: 45664.174 | B55: 21217 | C55: 20684 | D55: 21250 | E55: =(B55/$B$2)*$B$3 -> 31068.593
A56: 45664.177 | B56: 21190 | C56: 20701 | D56: 21245 | E56: =(B56/$B$2)*$B$3 -> 31029.056
A57: 45664.181 | B57: 21337 | C57: 20735 | D57: 21245 | E57: =(B57/$B$2)*$B$3 -> 31244.312
A58: 45664.184 | B58: 21414 | C58: 20764 | D58: 21245 | E58: =(B58/$B$2)*$B$3 -> 31357.065
A59: 45664.188 | B59: 21606 | C59: 20787 | D59: 21316 | E59: =(B59/$B$2)*$B$3 -> 31638.216
A60: 45664.191 | B60: 21363 | C60: 20815 | D60: 21316 | E60: =(B60/$B$2)*$B$3 -> 31282.384
A61: 45664.194 | B61: 21489 | C61: 20858 | D61: 21316 | E61: =(B61/$B$2)*$B$3 -> 31466.889
A62: 45664.198 | B62: 21456 | C62: 20917 | D62: 21452 | E62: =(B62/$B$2)*$B$3 -> 31418.567
A63: 45664.201 | B63: 21496 | C63: 20979 | D63: 21452 | E63: =(B63/$B$2)*$B$3 -> 31477.14
A64: 45664.205 | B64: 21196 | C64: 21032 | D64: 21452 | E64: =(B64/$B$2)*$B$3 -> 31037.842
A65: 45664.208 | B65: 21189 | C65: 21071 | D65: 21764 | E65: =(B65/$B$2)*$B$3 -> 31027.592 | F65: =SUM(E65:E76)/12 -> 32448.598
A66: 45664.212 | B66: 21605 | C66: 21127 | D66: 21764 | E66: =(B66/$B$2)*$B$3 -> 31636.751
A67: 45664.215 | B67: 21706 | C67: 21215 | D67: 21764 | E67: =(B67/$B$2)*$B$3 -> 31784.648
A68: 45664.219 | B68: 21997 | C68: 21336 | D68: 22173 | E68: =(B68/$B$2)*$B$3 -> 32210.767
A69: 45664.222 | B69: 21977 | C69: 21481 | D69: 22173 | E69: =(B69/$B$2)*$B$3 -> 32181.48
A70: 45664.226 | B70: 22147 | C70: 21640 | D70: 22173 | E70: =(B70/$B$2)*$B$3 -> 32430.416
A71: 45664.229 | B71: 22133 | C71: 21815 | D71: 22368 | E71: =(B71/$B$2)*$B$3 -> 32409.915
A72: 45664.233 | B72: 22428 | C72: 21997 | D72: 22368 | E72: =(B72/$B$2)*$B$3 -> 32841.891
A73: 45664.236 | B73: 22569 | C73: 22178 | D73: 22368 | E73: =(B73/$B$2)*$B$3 -> 33048.361
A74: 45664.24 | B74: 22642 | C74: 22358 | D74: 22864 | E74: =(B74/$B$2)*$B$3 -> 33155.257
A75: 45664.243 | B75: 22609 | C75: 22578 | D75: 22864 | E75: =(B75/$B$2)*$B$3 -> 33106.934
A76: 45664.247 | B76: 22911 | C76: 22877 | D76: 22864 | E76: =(B76/$B$2)*$B$3 -> 33549.16
A77: 45664.25 | B77: 23460 | C77: 23270 | D77: 24572 | E77: =(B77/$B$2)*$B$3 -> 34353.075 | F77: =SUM(E77:E88)/12 -> 37355.308
A78: 45664.253 | B78: 24079 | C78: 23662 | D78: 24572 | E78: =(B78/$B$2)*$B$3 -> 35259.492
A79: 45664.257 | B79: 24935 | C79: 24003 | D79: 24572 | E79: =(B79/$B$2)*$B$3 -> 36512.955
A80: 45664.26 | B80: 24994 | C80: 24291 | D80: 25578 | E80: =(B80/$B$2)*$B$3 -> 36599.35
A81: 45664.264 | B81: 25113 | C81: 24569 | D81: 25578 | E81: =(B81/$B$2)*$B$3 -> 36773.605
A82: 45664.267 | B82: 25413 | C82: 24877 | D82: 25578 | E82: =(B82/$B$2)*$B$3 -> 37212.903
A83: 45664.271 | B83: 25657 | C83: 25214 | D83: 26687 | E83: =(B83/$B$2)*$B$3 -> 37570.198
A84: 45664.274 | B84: 25974 | C84: 25557 | D84: 26687 | E84: =(B84/$B$2)*$B$3 -> 38034.389
A85: 45664.278 | B85: 26347 | C85: 25880 | D85: 26687 | E85: =(B85/$B$2)*$B$3 -> 38580.582
A86: 45664.281 | B86: 26274 | C86: 26185 | D86: 27488 | E86: =(B86/$B$2)*$B$3 -> 38473.687
A87: 45664.285 | B87: 26777 | C87: 26521 | D87: 27488 | E87: =(B87/$B$2)*$B$3 -> 39210.242
A88: 45664.288 | B88: 27100 | C88: 26939 | D88: 27488 | E88: =(B88/$B$2)*$B$3 -> 39683.22
A89: 45664.292 | B89: 27299 | C89: 27509 | D89: 29181 | E89: =(B89/$B$2)*$B$3 -> 39974.62 | F89: =SUM(E89:E100)/12 -> 43789.92
A90: 45664.295 | B90: 28329 | C90: 28016 | D90: 29181 | E90: =(B90/$B$2)*$B$3 -> 41482.876
A91: 45664.299 | B91: 28894 | C91: 28454 | D91: 29181 | E91: =(B91/$B$2)*$B$3 -> 42310.219
A92: 45664.302 | B92: 29442 | C92: 28822 | D92: 29988 | E92: =(B92/$B$2)*$B$3 -> 43112.67
A93: 45664.306 | B93: 29508 | C93: 29166 | D93: 29988 | E93: =(B93/$B$2)*$B$3 -> 43209.315
A94: 45664.309 | B94: 29866 | C94: 29533 | D94: 29988 | E94: =(B94/$B$2)*$B$3 -> 43733.544
A95: 45664.312 | B95: 30100 | C95: 29922 | D95: 31645 | E95: =(B95/$B$2)*$B$3 -> 44076.196
A96: 45664.316 | B96: 30567 | C96: 30292 | D96: 31645 | E96: =(B96/$B$2)*$B$3 -> 44760.036
A97: 45664.319 | B97: 30731 | C97: 30599 | D97: 31645 | E97: =(B97/$B$2)*$B$3 -> 45000.185
A98: 45664.323 | B98: 31026 | C98: 30844 | D98: 31992 | E98: =(B98/$B$2)*$B$3 -> 45432.161
A99: 45664.326 | B99: 31338 | C99: 31141 | D99: 31992 | E99: =(B99/$B$2)*$B$3 -> 45889.031
A100: 45664.33 | B100: 31754 | C100: 31606 | D100: 31992 | E100: =(B100/$B$2)*$B$3 -> 46498.19
...
